id,bid,user_id,用户昵称,微博正文,头条文章url,发布位置,艾特用户,话题,转发数,评论数,点赞数,发布时间,发布工具,微博图片url,微博视频url,retweet_id
4764828906555869,LrcuKrvtP,1769284095,一欸椰,四月的不安从打开微博开始，生活在水生火热中的上海市民，到疫情持续的笼罩下，无法感受外面的世界而倦怠的我们。已经迈入五月，我们遇见初夏。所以我们就算被孤独、被不解、被不明所以的过去、被无法预见的明天裹挟住了，也还是要握紧拳头，举起手冲向蓝天，然后尽情地感受微风，感受鸟鸣，感受经过身旁的人流，感受与自然的不期而遇。趁难过不注意，抓住瞬间的美好。不要在意我，做你自己。希望大家会度过温柔的五月，一定。,,,,,0,1,1,2022-05-03 00:00,iPhone客户端,['https://wx4.sinaimg.cn/large/697521ffgy1h1ui5irhmnj20u0140agj.jpg'],,
4764828906817934,LrcuKsBEG,5616568842,原来是富婆阿,#常州疫情#月亮好看是因为离得太远离得近就会看到月亮的坑坑洼洼,,,,常州疫情,0,3,3,2022-05-03 00:00,iPhone 13 Pro Max(金色),"['https://wx1.sinaimg.cn/large/00686y82ly1h1ui584dplj30u0140dng.jpg', 'https://wx2.sinaimg.cn/large/00686y82ly1h1ui58f5sbj30u014011a.jpg']",,
4764828889778486,LrcuIF1Pw,1736454392,JunliaGao,「疫情衍生品」,,,,,0,0,1,2022-05-02 23:59,iPhone客户端,"['https://wx2.sinaimg.cn/large/678030f8ly1h1ui3wcu3cj21900u0h0f.jpg', 'https://wx4.sinaimg.cn/large/678030f8ly1h1ui44qk74j21900u0amd.jpg', 'https://wx2.sinaimg.cn/large/678030f8ly1h1ui48ieqcj21900u0gz8.jpg', 'https://wx3.sinaimg.cn/large/678030f8ly1h1ui3uud31j21900u0467.jpg']",,
4764828885582300,LrcuInqd6,6232386645,嘿呀一二呦,张江酱鸭事件，物资口罩有问题，今天上海发布的保供物资咸鸭蛋也自爆了……转头看了看桌上的物资，别的区有的物资我们没有，发的物资一半都是爆雷的，阳不了就毒呗？脸红不脸红？怎么什么妖魔鬼怪都出来了呢？是谁做的又是在谁的眼皮底下做的？#上海疫情##张江酱鸭##上海市新冠肺炎疫情防控新闻发布会#@上海发布,,,上海发布,"上海疫情,张江酱鸭,上海市新冠肺炎疫情防控新闻发布会",0,0,5,2022-05-02 23:59,iPhone客户端,"['https://wx2.sinaimg.cn/large/006NMstfly1h1uhznx8luj30zo20mwv8.jpg', 'https://wx1.sinaimg.cn/large/006NMstfly1h1uhzoagoyj30uq0qq7bf.jpg']",,
4764828835516608,LrcuDn97y,1840837333,小鱼儿-帅,愿疫情快快散去,,,,,0,0,0,2022-05-02 23:59,iPhone客户端,['https://wx1.sinaimg.cn/large/6db8f2d5ly1h1ui4uzmdzj20u0140aez.jpg'],,
4764828818737598,LrcuBAF30,5600532480,再逢春日,我记得2021年的此刻，我在无比的后悔，怎么我没有去苏州，我在打开各种软件，找能去苏州的票然后因为学校的疫情防控都没能去，我真的，明天就是5月3号了，山河令的演唱会就要开始了,,,,,0,0,2,2022-05-02 23:59,nova7Pro你在焦点在,,,
4764828814543337,LrcuBj3VD,3585793804,叙州之窗,【#北京暂停开放全市博物馆室内展厅##北京部分博物馆发布闭馆公告#】北京市文物局2日发布通知称，根据当前疫情防控需要，为有效防范聚集性风险，即刻起北京地区博物馆室内展厅应全部暂停开放。恢复开放时间另行通知。当天，多家博物馆发布闭馆公告。根据北京市疫情防控工作要求，中国园林博物馆、首都博物馆、北京历代帝王庙博物馆、北京鲁迅博物馆、北京古代建筑博物馆等发布通知，自5月3日起暂停开放，恢复开放时间另行通知。（记者罗鑫）,,,,"北京暂停开放全市博物馆室内展厅,北京部分博物馆发布闭馆公告",0,0,1,2022-05-02 23:59,Android,['https://wx2.sinaimg.cn/large/d5badf0cgy1h1ui54u32ej20rs0rsq6o.jpg'],,
4764828810086681,LrcuB0my5,5627462921,樱桃樱桃叫我樱桃,如果疫情被封，囤每日坚果应该是最有用的吧，可以减肥还可以护发。,,,,,0,0,0,2022-05-02 23:59,微博 weibo.com,,,
4764828751366950,Lrcuv5JBA,6624856884,mmmmmm吴嫚嫚儿,如约而至的，不止有春天，还有疫情过后平安的你[玫瑰][玫瑰],,,,,0,0,0,2022-05-02 23:59,iPhone客户端,['https://wx2.sinaimg.cn/large/007eldUogy1h1ui4uzevxj30u00u0dl2.jpg'],,
4764828725937930,LrcusoUJ4,1836628970,京师的车站,Labor Day = Lazy Day“……因为疫情，不会轻易悲伤，所以一切都是幸福的模样……”日子得过的三八点，人生才能幸福久久，疫情也是風情。🙏,,,,,0,0,0,2022-05-02 23:59,iPhone客户端,"['https://wx4.sinaimg.cn/large/6d78bbealy1h1ui4j5j0oj20u01hcgr0.jpg', 'https://wx3.sinaimg.cn/large/6d78bbealy1h1ui4ji093j20u0140k19.jpg', 'https://wx4.sinaimg.cn/large/6d78bbealy1h1ui4if0xsj20tf0h2tcy.jpg', 'https://wx3.sinaimg.cn/large/6d78bbealy1h1ui4juiszj21400u04hq.jpg', 'https://wx3.sinaimg.cn/large/6d78bbealy1h1ui4k52wrj20sg0hl478.jpg', 'https://wx4.sinaimg.cn/large/6d78bbealy1h1ui4ko0ffj20h709rq64.jpg']",,
4764828712831968,LrcurbSIU,3555010443,虎牙钱,一个月前我爹过生日我给他买了双鞋子当作生日礼物但是码数买大了一码又赶上疫情退换货困难重重尽管时间拖了很久但最终还是结果还是换好了今天我爹妈在那里说我做什么事情都不跟他们商量就比如说这次买鞋子事情唉😮‍💨我真是好心塞啊我只是期待他满怀开心收到礼物的样子没想到却像是我做错了什么事情一样,,,,,0,1,0,2022-05-02 23:59,iPhone客户端,,,
4764828670886045,Lrcun3Iv3,2219237317,一野霖司_,我讨厌封校讨厌疫情我想去野餐去旅游去拍照去海边看日出日落去咖啡馆和书店去街边散步我想要真正去享受青春正好的日子,,,,,0,1,2,2022-05-02 23:59,iPhone客户端,['https://wx4.sinaimg.cn/large/8446dfc5gy1h1ui3v8g8pj20u01sy0vt.jpg'],,
4764828655159674,LrcullEgy,6460599490,八戒不一,反思一下想停几天去找新的地方因为人太多地方小疫情装备过不来而且今天剩下一杯果茶可能也是时间的问题立马很多水果也没有味道了我们自己弄的茶汤的味道也变了就有些失望毕竟不只是想整个拍照打卡的地方还想把果茶做的好喝有回头客哎对自己失望减分,,,,,0,4,0,2022-05-02 23:59,iPhone客户端,"['https://wx1.sinaimg.cn/large/0073e13Aly1h1ui1tfkexj30u01syjxb.jpg', 'https://wx2.sinaimg.cn/large/0073e13Aly1h1ui1urplyj30u0140102.jpg', 'https://wx3.sinaimg.cn/large/0073e13Aly1h1ui1pe3juj30u01sygwr.jpg']",,
4764828654897888,Lrculkyac,1878156541,中天電視官方NEWS,【疫情炸裂塞爆医院陈时中在忙什么？蔡正元怒轰：无能】近日新北市一名6个月大的男婴高烧、翻白眼，因在急诊室外等候逾1小时，最后不治。前国民党立委蔡正元指出，现在医疗资源都被动员起来应对新冠肺炎，造成其他病患被排挤，陈时中应该想办法调度人力和资源，他更直言，最近发生的一些事情证明陈时中无能、管理能力有问题。#台湾疫情#,,,,台湾疫情,0,5,9,2022-05-02 23:59,微博 weibo.com,['https://wx1.sinaimg.cn/large/6ff264fdgy1h1ugpkpjahj20sg0iz0vv.jpg'],,
4764828612433560,Lrcuhad4Y,2678343417,文口善面黑心肠,数说上海疫情防控阶段性成效O数说上海疫情防控阶段性成效,,,,,0,0,0,2022-05-02 23:58,学习强国客户端,['https://wx2.sinaimg.cn/large/9fa446f9ly1h1ui4aq7asj2046046glg.jpg'],,
4764828604826040,Lrcugkftm,5087899282,章二鱼呀,这个生日……虽然我明确表示拒绝过生日……觉得不过平常中的一天，疫情严重，各种关门闭店，惨淡……来到这个世上也没什么好庆贺的，结果下午小区被封了……不平常了😭😭😭,,,,,0,0,0,2022-05-02 23:58,iPhone客户端,,,
4764828600633744,Lrcug2ERG,5194425138,仙居发布,为切实保障广大市民健康，筑牢疫情防控坚固防线，经县疫情防控指挥部研究，定于2022年5月2日至5月3日在全县范围内开展核酸检测。O更快更暖更有序！仙居全面开展区域核酸检测,,,,,0,0,0,2022-05-02 23:58,iPhone客户端,,,
4764828596176212,LrcufpUIk,5650994372,黑色长袍小花卷,报复性吃零食好像也一点也没有很开心，假期还剩两天了哎，有吃到好吃的，但也没有很舒服还是均衡饮食吧家人们，倒胃酸的感觉真的不好一口气看了三部电影，天堂的张望真的会哭死人，当然跟姐妹一起看会不好意思大哭哈哈哈。疫情什么时候能过去哇，地球快快好起来吧真的不想五天假期只能进城哎，想去海边，想去散心，想多看看大千世界，肚子又咕咕叫了，浪味仙＋ad钙，无语搭配=_=到底给三三班选哪个结尾嘞，又开始纠结了，希望孩子们能被选上吧，真的真的很想，大家都快乐上台不好么呜呜为什么非得淘汰呢没有机会上台的班级该多伤心啊晚安，明天见，明天一定按时好好吃饭好嘛,,,,,0,2,2,2022-05-02 23:58,OPPO Reno,,,
4764828575468916,LrcudmWIk,6796848266,吧唧一口小饭饭,#山大疫情#就离谱，跑我们学校门口隔离。,,,,山大疫情,0,7,1,2022-05-02 23:58,Android,['https://wx4.sinaimg.cn/large/007pYSIWly1h1ui45cmjxj30mk11z7ep.jpg'],,
4764828558951581,LrcubByIl,5666976219,喜欢钢厂小霸王的丞哥,疫情，让想约人半夜吃烧烤都成为没法办到的事儿，不让堂食,,,,,0,0,0,2022-05-02 23:58,iPhone客户端,,,
4764828545582825,Lrcuanqlz,2109199887,淮南市生态环境局,【“五一”假期还能出游吗？目前疫情形势如何？最新情况通报！】国务院联防联控机制4月28日召开新闻发布会，介绍从严从实抓好疫情防控工作有关情况。一起来看——O“五一”假期还能出游吗？目前疫情形势如何？最新情况通报！,,,,,0,0,0,2022-05-02 23:58,iPhone客户端,,,
4764828529067045,Lrcu8C2KF,2622056220,新闻大连,【市教育局再致全市学生家长的一封信】家长朋友们：你们好！在我们满怀期待迎接孩子们返校复学的重要时刻，新冠肺炎疫情又一次迟滞了复学的脚步，原来相约的复学时间又得推迟，我们深表歉意。根据全省疫情防控总体形势，综合考虑周边城市以及我市近期出现两例外省非风险地区输入的新冠肺炎感染病例情况，我市全面返校复学面临严峻形势，我们必须慎之又慎。为确保学校万无一失和师生健康、安全，经市新冠肺炎疫情防控总指挥部研判决定，除高三、初三年级外，暂缓恢复其他年级（含幼儿园、中职学校、校外培训机构）线下教学，具体复学时间根据全市疫情防控形势再行确定。我们将时刻关注疫情发展形势，及时进行分析研判。待疫情形势平稳，具备复学条件时，即全面恢复线下教学。让我们共同努力。请大家再多一些理解，从大局出发，从保障每一名孩子的身体健康、生命安全出发，充分理解、支持和配合各项疫情防控措施，共同为孩子们构筑起坚实的防疫屏障；请大家再多一些耐心，多与孩子交流，多一些陪伴，关注孩子身心健康，做好孩子居家学习和生活指导；请大家再多一些细心，近期继续做到“非必要不外出”，加强日常个人防护，为返校复学创造良好条件；请大家再多一些信心，返校复学的脚步虽然又一次暂缓，但终究会坚定向前。只要坚持，孩子们重返校园的时刻不会太远。家长朋友们，让我们携手并进，团结一心，用我们每个人的实际行动和必胜信念，打赢这场疫情防控阻击战，让孩子们早日返回校园。坚持就是胜利！感谢您的理解、支持与配合！大连市教育局2022年5月2日,,,,,19,75,300,2022-05-02 23:58,新版微博 weibo.com,['https://wx4.sinaimg.cn/large/9c49671cly1h1ui3kas2mj20zk0f4mxe.jpg'],,
4764828516748020,Lrcu7sjt2,3465329380,别问里你爸爸,他们在等等一款新的疫苗上市然后告诉你打完你就没事了然后他们回陪你演演戏只要打了的了也没事在家休息几天就好了要不然真的锁guo了#上海疫情#,,,,上海疫情,0,0,0,2022-05-02 23:58,iPad客户端,,,
4764828508359413,Lrcu6z4Ff,1154335272,狙击手伍德,#叨哥有话说#【北京各公园室内场所全部暂停开放】5月2日晚，北京市园林绿化局发布通知称，根据当前疫情防控需要，各公园室内场所自5月3日起全部暂停开放，含展览展示、体育健身、游览游艺等项目。政策将根据首都疫情防控形势动态调整，恢复开放时间另行通知。（北京日报）,,,,叨哥有话说,0,0,1,2022-05-02 23:58,微博 weibo.com,,,
4764828504426090,Lrcu6izqy,6067030101,雨的世界v,假期day3/5，过年的时候没想到五一是这样度过的。疫情😷，在家待着想尽快上班。闲着也没什么快乐。没钱最不快乐。不上班就没钱花。总是要生存,,,,,0,0,0,2022-05-02 23:58,iPhone客户端,,,
4764828503378426,Lrcu6eaSK,3564334502,砚晏,五月就愿大家都平平安安疫情快点过去,,,,,0,0,4,2022-05-02 23:58,HUAWEI P40 5G,"['https://wx4.sinaimg.cn/large/d4736da6ly1h1ui3feo5qj22dc35skjm.jpg', 'https://wx4.sinaimg.cn/large/d4736da6ly1h1ui3dg3m2j21400u016p.jpg', 'https://wx3.sinaimg.cn/large/d4736da6ly1h1ui3e9xuyj235s2dckjm.jpg']",,
4764828491845598,Lrcu57K7I,5628985735,zangyn,今年只要是人和人聚集行业，马上速速撤离！业绩没有一个是好的！今年必须回避这些上市公司。目前肉眼所见，受疫情影响的几大行业：1，境外游：几乎100%收入没了，绝大多数公司完了。2，境内旅游90%收入没了公司苦苦支撑50%旅游公司没了。3，演出行业：100%收入没了，公司基本停业两年，大部分没了。4，餐饮：50%收入没了，餐饮公司都在苦苦支撑，85%以上亏损。5，电影院：80%收入没了，90%电影院亏损，面临倒闭风险。6，服装店：90%收入没了，门面店大面积倒闭.....7.机场航空：100%全部亏损8.地产业：疫情导致老百姓收入减少，再加上房价一直跌跌不休，好多高位炒房的全部套牢，断供开始发酵，看看法拍房大量增加就知道了！9：教培业：被满门抄斩了关注一个暴利行业，医美加医美药的生产商简直是超级暴利，暴利堪比d+p！那些有钱人对自己身体零件的的保养程度，大大超出了你的想象力！各大医美医院人满为患，什么少女针，什么粉嫩手术，什么缩🕳手术，一年花几千万去保养自己的零部件的有钱人太多了！这个行业绝对不受疫情影响！还有一个行业就是VR软硬件，元宇宙，因为现实各行业都不景气太残酷了，所以大家只能在虚拟的空间里找点刺激跟安慰吧😄,,,,,17,3,47,2022-05-02 23:58,华为Mate30E Pro 5G,,,
4764828487125137,Lrcu4tTzz,5194425138,仙居发布,广大市民朋友：为保障“五一”期间全县区域核酸检测工作，5月3日—5月4日全县各疫苗接种点暂停新冠疫苗接种服务，请大家相互转告。仙居县新型冠状病毒肺炎疫情防控指挥部2022年5月2日,,,,,0,0,0,2022-05-02 23:58,iPhone客户端,,,
4764828487123250,Lrcu4tT58,5177048636,蛋蛋的忧桑147,#济南疫情#经过这次感受到了老小区的优势，人口密度低，小超市多，离着农贸市场近。不像新建高层，动辄30层,,,,济南疫情,1,3,6,2022-05-02 23:58,iPhone客户端,,,
4764828482144045,Lrcu48ZLn,6896383631,这只水果叫废话,@菠萝蜜的两千年来信我好善良《MayDairy-3》生命在于运动💃🏼听说帕姐也要开始直播了｜BGM：《本草纲目》（哈哈哈...｜下期预告：欢迎提议👏🏿#刘畊宏##北京疫情##记录我的青春年华#L这只水果叫废话的微博视频,,,菠萝蜜的两千年来信,"刘畊宏,北京疫情,记录我的青春年华",1,3,6,2022-05-02 23:58,微博视频号,,"http://f.video.weibocdn.com/o0/4wKEvySolx07VK5DeDAA01041201AmyT0E010.mp4?label=mp4_720p&template=1280x720.25.0&ori=0&ps=1BVp4ysnknHVZu&Expires=1651619743&ssig=n4vyUcngCV&KID=unistore,video",
4764828469560504,Lrcu2E77G,6856794896,四季广延时,就是说，疫情严重的，放学生回家，疫情不严重的，学校解封。所以我现在确实是摸不准我到底是怎么个处境，说是严重，但是这里确实不严重，说不严重，一直封校封校,,,,,0,0,0,2022-05-02 23:58,OPPO Reno6 Pro 5G,['https://wx1.sinaimg.cn/large/007u2pA4gy1h1ui34sp2xj30u018hjte.jpg'],,
4764828461437056,Lrcu261Qk,5352391309,叶儿啦啦啦,#疫情防控#我想出去走一走看看这个大世界,,,,疫情防控,0,0,1,2022-05-02 23:58,荣耀20,,,
4764828456978506,Lrcu1thqy,1768564597,开心MM要控糖_Zzzz,经历这次疫情什么妖魔鬼怪都碰到了疫情就是一面照妖镜一点不错,,,,,0,0,2,2022-05-02 23:58,iPhone客户端,,,
4764828453830982,Lrcu1g4C2,5702001611,筋斗云yc,五一假期，疫情期间室内场所尽量不去，选个近郊3-4小时的小山头爬一爬还是很不错的。感受自然风光，接受佛教洗礼🙏,,北京·千灵山风景区,,,0,0,0,2022-05-02 23:58,iPhone客户端,"['https://wx3.sinaimg.cn/large/006dT15Vly1h1uhzoakzij32c03401l1.jpg', 'https://wx4.sinaimg.cn/large/006dT15Vly1h1uhzm1bwkj33402c0b2a.jpg', 'https://wx2.sinaimg.cn/large/006dT15Vly1h1uhzp3o3aj30mi0u0qc9.jpg']",,
4764828453306710,Lrcu1dSe2,2109199887,淮南市生态环境局,【4月29日淮南市报告新冠肺炎疫情情况】2022年4月28日0-24时，淮南市报告无新增确诊病例，无新增疑似病例，无新增无症状感染者。新增解除医学观察的无症状感染者10例（凤台县6例，田家庵区4例）。截至4月28日24时，淮南市累计报告本地确诊病例9例，目前在院治疗1例（凤台县），累计治愈出院8例。尚在医学观察的密切接触者1096人。截至4月28日24时，淮南市尚在医学观察的无症状感染者51例（凤台县16例，寿县1例，田家庵区30例，谢家集区2例，潘集区2例）。,,,,,0,0,0,2022-05-02 23:58,iPhone客户端,,,
4764828432862530,LrctZc0FQ,5536134178,不卑不亢雪公主,#美国暴发马流感疫情#全都别活？,,,,美国暴发马流感疫情,0,0,2,2022-05-02 23:58,HarmonyOS设备,,,
4764828399567161,LrctVE8R3,6963384449,扶风斋惠映清,疫情居家画心中山川。,,南通,,,0,0,0,2022-05-02 23:57,vivo X30专业影像,['https://wx1.sinaimg.cn/large/007BfEoply1h1ui2g87t6j31wc3fknpe.jpg'],,
4764828386725409,LrctUsdAl,5461564909,退役魔法少女烤肉酱,在上海这次疫情之下，我认识了很多热心肠的小伙伴们，我们有人统计小区里孤寡老人户数，有人进行校对，有人联系购买蔬菜和简单的生活用品，等物资到了，我们再进行分类配好，然后两人一组向分配好老人家里送去我们自己私人购买的物资，那些东西虽然不多，但，那是我们想为这些不会网购且子女不在身边的孤寡老人，做出的一点点行动和关心。虽然我们的力量有限，但我们还是想尽自己能做到的，去帮助需要帮助的人，这并不是为了得到赞扬，而是希望自己微弱的光，也能给别人带去温暖。,,,,,0,0,0,2022-05-02 23:57,iPhone客户端,"['https://wx4.sinaimg.cn/large/005XCawBly1h1ui2avkdjj30u01hy139.jpg', 'https://wx1.sinaimg.cn/large/005XCawBly1h1ui27ujs2j31bp0quk6o.jpg', 'https://wx4.sinaimg.cn/large/005XCawBly1h1ui299zvhj30u00midrx.jpg']",,
4764828369161558,LrctSCrl4,3970947610,谁家的小瓶子,我以为我已经蛮明显的态度但还是架不住男人发起13来那股傻劲一个劲问我什么什么要发我有给你戆伐疫情封闭时期的追求招数啊？🙄️,,,,,0,0,0,2022-05-02 23:57,iPhone客户端,,,
4764828353433794,LrctRephM,7575568980,学树铁沸物,疫情搞得我不买专辑不买又不得劲,,,,,0,1,0,2022-05-02 23:57,iPhone客户端,,,
4764828353429546,LrctReobg,2898509425,好景维修,与其提升自己不如怪罪疫情,,,,,0,4,2,2022-05-02 23:57,HarmonyOS设备,['https://wx2.sinaimg.cn/large/acc3be71ly1h1ui323ijzj20go0gowfx.jpg'],,
4764828348714254,LrctQAyYu,2652499653,追风少年-chen,因为疫情，佳期延后，不知用何来平衡那种落差L追风少年-chen的微博视频,,上海,,,0,0,0,2022-05-02 23:57,iPhone客户端,,"http://f.video.weibocdn.com/o0/zXXo0KyLlx07VK5yaMIE010412003KZL0E010.mp4?label=mp4_720p&template=720x1280.24.0&ori=0&ps=1BVp4ysnknHVZu&Expires=1651619758&ssig=XjYFT2jXum&KID=unistore,video",
4764828331414128,LrctP5VSw,1914166530,洋葱头不会飞,颠簸的疫情时光中，一切如常，才是生活理想。,,,,,0,0,2,2022-05-02 23:57,iPhone客户端,"['https://wx3.sinaimg.cn/large/7217dd02ly1h1ui0tjz14j21400u0guy.jpg', 'https://wx1.sinaimg.cn/large/7217dd02ly1h1ui0u3c3uj21400u0dma.jpg', 'https://wx3.sinaimg.cn/large/7217dd02ly1h1ui0ufpc9j21400u0102.jpg', 'https://wx2.sinaimg.cn/large/7217dd02ly1h1ui0uofxhj20u0140tf4.jpg', 'https://wx3.sinaimg.cn/large/7217dd02ly1h1ui0vdu4sj20u0140afb.jpg', 'https://wx1.sinaimg.cn/large/7217dd02ly1h1ui0vzmbqj20u0140wi9.jpg']",,
4764828302574950,LrctMaNRs,5776014881,拒绝rice要苗条的小王,哪会一直有开心的事呢？？？我讨厌疫情，讨厌任何站在伦理和道德的角度给我施加责任。太难过了,,,,,0,0,0,2022-05-02 23:57,vivo S12,,,
4764828289991573,LrctKFVgp,3212774213,李老师想要6-8块儿腹肌,您好，疫情和焦虑之下感觉人生很苦，唯有爱情才能让他甜起来，像三毛等很多作家都为爱情迷茫过，我也一直是，虽然我知道你有可能不喜欢我，但我还是想问一下你找对象吗？毕竟不会后悔，如果你不找也可以不用回复，打扰您的宝贵时间了❤️,,,,,0,0,2,2022-05-02 23:57,nova7你在焦点在,,,
4764828286323330,LrctKqwZc,6005023508,喵喵卟咻,#疫情下的辽宁高校#高校封闭2个月越管越严越管越严，封的结果呢？大连清零了吗？一波刚平一波又起，干的真不错👏,,,,疫情下的辽宁高校,0,2,31,2022-05-02 23:57,iPhone客户端,,,
4764828273738077,LrctJfGrz,7320486577,RXINstrawberry,疫情期间买不到布洛芬真是救大命,,,,,0,0,0,2022-05-02 23:57,iPhone客户端,"['https://wx4.sinaimg.cn/large/007Zq0Y9ly1h1ui2lzghrj30my0jj754.jpg', 'https://wx3.sinaimg.cn/large/007Zq0Y9ly1h1ui2mlgmkj30n01dsadd.jpg']",,
4764828255915090,LrctHoOMG,1661710305,zhoujm879,#舟山岛五月鲜海阔凭鱼跃，天高任鸟飞🐟🦐🦀️#上海疫情#Lzhoujm879的微博视频,,上海,,,0,1,0,2022-05-02 23:57,iPhone客户端,,"http://f.video.weibocdn.com/o0/nLQ85pWClx07VK5xvOco01041200uCR90E010.mp4?label=mp4_720p&template=1280x720.25.0&ori=0&ps=1BVp4ysnknHVZu&Expires=1651619758&ssig=IUMqFEGh4a&KID=unistore,video",
4764828251981328,LrctH8jqU,1978563272,我照顾我自己,#上海疫情#上海，赶快结束疫情吧,,,,上海疫情,0,0,0,2022-05-02 23:57,iPhone客户端,['https://wx4.sinaimg.cn/large/75ee7ac8gy1h1ui2fp0zlj20qo0qo7bx.jpg'],,
4764828243332186,LrctGdYQW,5674068175,Hachiil,这班上的人想吐疫情到底什么时候结束,,,,,0,11,1,2022-05-02 23:57,iPhone客户端,,,
4764828244115750,LrctGhgH4,5987836460,要不要要聽我講廢話,过了一次天气很不好的五一，而且还有疫情。遥想去年五一姐在大理潇洒呢，心心念念的昆明也没去成，唯一决定出去学校附近玩的一天还下了一整天雨，我真的生气啦！！p1-6是去年的开心生活，现在想着都觉得是真的好玩，好青春！！p7-9是今年，因为下雨冷的要死，五月还在穿棉衣谁懂,,,,,0,6,4,2022-05-02 23:57,OPPO A93 5G,"['https://wx4.sinaimg.cn/large/006xelNqgy1h1uhzqizwej31be0zkq85.jpg', 'https://wx1.sinaimg.cn/large/006xelNqgy1h1uhzq17sgj31be0zkk21.jpg', 'https://wx1.sinaimg.cn/large/006xelNqgy1h1uhzr08e2j30zk1beq6a.jpg', 'https://wx2.sinaimg.cn/large/006xelNqgy1h1uhzrkzg1j31hc0zkgq5.jpg', 'https://wx3.sinaimg.cn/large/006xelNqgy1h1uhzs3xsij31be0zk0x6.jpg', 'https://wx4.sinaimg.cn/large/006xelNqgy1h1uhzsrilqj31be0zkgtw.jpg', 'https://wx4.sinaimg.cn/large/006xelNqgy1h1ui0prz91j32bc334hdt.jpg', 'https://wx4.sinaimg.cn/large/006xelNqgy1h1ui0o9sntj32bc2bcb2a.jpg', 'https://wx4.sinaimg.cn/large/006xelNqgy1h1ui0qs34oj32bc334hdt.jpg']",,
4764828243069432,LrctGcSuY,5783090065,让臣为你写诗,因为疫情隔离快两个月了，心情越来越不好，感觉自己生活在孤岛，唯一的依靠是馄饨。最近又开始觉得自己会早早的入土。只希望馄饨永远幸福吧,,,,,0,0,0,2022-05-02 23:57,iPhone客户端,,,
4764828192998112,LrctBczWE,2649003565,LV色月亮,感谢疫情！,,,,,0,0,0,2022-05-02 23:57,nova7你在焦点在,,,
4764828185660462,LrctAnKxM,6898391435,用户19496998,今天请假巨难受，等了一个小时才弄好，一直在问问题，跟我妈打电话确认，看那边有没有疫情是不是低风险，小老头真的事很多！,,,,,0,0,0,2022-05-02 23:57,iPhone客户端,,,
4764828176484029,LrctzrcN7,1890915887,崧松蓝,#济南疫情#让我滚好不好不要跟我说因为校庆留下来,,,,济南疫情,0,0,1,2022-05-02 23:57,Android,,,
4764828159972336,LrctxFQg8,7286276204,碎碎片片-,/𝗗𝗮𝗶𝗹𝘆𝗹𝗶𝗳𝗲我很满足于现在的生活平静、安宁、打打闹闹、嘻嘻笑笑野心依然有只是学会了埋伏疫情之下的第（不知道几）年继续加油吧,,,,,0,0,0,2022-05-02 23:57,iPhone客户端,['https://wx4.sinaimg.cn/large/007X6thWgy1h1uhz3y22nj30u01t0k3z.jpg'],,
4764828142405800,Lrctwa5Re,5190534823,时代风向标栏目组,央视时代风向标栏目【#北京目前10地高风险26地中风险#】#北京疫情防控工作发布会#通报：截至2022年5月1日24时，朝阳区建外街道北郎东社区，劲松街道农光东里社区近14天各累计报告6例本土确诊病例，房山区窦店镇一街村近14天累计报告9例本土确诊病例，经市疾控中心评估，按照“北京市新冠肺炎疫情风险分级标准”，本市即日起将朝阳区建外街道北郎东社区、劲松街道农光东里社区，房山区窦店镇一街村由中风险地区升级为高风险地区，截至2022年5月1日24时，朝阳区十八里店乡周家庄村近14天累计报告4例本土确诊病例，经市疾控中心评估，按照北京市新冠肺炎疫情风险分级标准，本市即日起将朝阳区十八里店乡周家庄村由低风险地区升级为中风险地区。截至目前全市共有高风险地区10个，中风险地区26个。（总台记者王胜东李啸虎任生圆）L央视新闻的微博视频,,,,"北京目前10地高风险26地中风险,北京疫情防控工作发布会",0,0,1,2022-05-02 23:56,央视时代风向标栏目超话,,"http://f.video.weibocdn.com/o0/56Myw4Gclx07VJCNnHvG01041200Isr10E010.mp4?label=mp4_720p&template=1280x720.25.0&trans_finger=1f0da16358befad33323e3a1b7f95fc9&ori=0&ps=1BVp4ysnknHVZu&Expires=1651619758&ssig=5q9JPy71cr&KID=unistore,video",
4764828135328337,Lrctvmm8V,5563934296,那就没意思了吧_,嗯疫情结束或许我会变成自己的tu'hao……然后去四处漂泊,,,,,0,0,0,2022-05-02 23:56,iPhone客户端,,,
4764828109112784,LrctsCeEo,5317456007,辰颐物语的莹宝,张杰我的天我的大北斗直播啦疫情到底啥时候结束想见面啦,,,,,0,0,0,2022-05-02 23:56,张杰超话,['https://wx4.sinaimg.cn/large/005NRvdtly1h1ui1yf9lij30u01t0k6s.jpg'],,
4764828101513042,Lrcts6lBU,7720414846,可乐无快乐气泡,疫情明年会结束,,,,,0,0,1,2022-05-02 23:56,,,,
4764828101248502,Lrcts5eN8,3605373927,这里是小晏,棉花美娃娃原价刀6r出阿默弟弟，正在补邮，68出，拍下很快发货，我家和学校都因为疫情收不了快递，让我出掉给娃找个归宿吧,,,,,0,0,0,2022-05-02 23:56,棉花美娃娃超话,"['https://wx2.sinaimg.cn/large/d6e5a3e7ly1h1ui21s6txj20zk1bejt2.jpg', 'https://wx4.sinaimg.cn/large/d6e5a3e7ly1h1ui226ui8j20u0140qfp.jpg', 'https://wx3.sinaimg.cn/large/d6e5a3e7ly1h1ui22mtulj215o1jkk1f.jpg']",,
4764828096793574,LrctrsvjM,2348834792,羽也甜心,疫情快点好起来上海快点好起来吧我真的求求了,,,,,0,0,0,2022-05-02 23:56,,,,
4764828084994310,LrctqkXfo,3082576312,白幼白的耳朵竖起来,浅翻了一下之前拍到在教堂做礼拜的视频所以这个b疫情什么时候能结束什么时候能出门玩O网页链接,,,,,0,0,1,2022-05-02 23:56,iPhone客户端,,,
4764828075560657,LrctpnkA1,3114175427,解放日报,【把既定的攻坚任务进行到底，把明确的防控措施落实到位！李强检查疫情防控工作】市委书记李强今天在检查疫情防控工作时指出，当前疫情防控仍处于持续攻坚、不进则退的关键时期，要坚决贯彻习近平总书记重要指示精神，坚持“动态清零”总方针不动摇，增强阵地意识，压实“四方责任”，把既定的攻坚任务进行到底，把明确的防控措施落实到位，坚决彻底拧紧疫情传播的“水龙头”，全力以赴打赢这场疫情防控攻坚战。O网页链接,,,,,1,0,1,2022-05-02 23:56,360安全浏览器,['https://wx3.sinaimg.cn/large/003oKLhVgy1h1ui22lur4j60oz0e377102.jpg'],,
4764828075295902,LrctpmdHM,6183821377,巴赫遇上帕克,分享一下疫情中美国生活现状。#美国暴发马流感疫情#L巴赫遇上帕克的微博视频,,,,美国暴发马流感疫情,1,0,3,2022-05-02 23:56,微博视频号,,"http://f.video.weibocdn.com/o0/NHJN5lMolx07VK5wFElO01041202qR8f0E010.mp4?label=mp4_720p&template=1280x722.25.0&trans_finger=1f0da16358befad33323e3a1b7f95fc9&ori=0&ps=1BVp4ysnknHVZu&Expires=1651619769&ssig=Ul5xgDqU%2BB&KID=unistore,video",
4764828059829041,LrctnFeYV,1530496231,总是睡不着的朵朵妈,疫情彻底打乱了生活，每天都充满焦虑～,,北京·窦店,,,0,0,0,2022-05-02 23:56,HUAWEI P40 5G,,,
4764828021293798,Lrctk5qzI,6570626700,小陈念安,我好讨厌异地恋，特别是疫情下的异地恋,,,,,0,0,0,2022-05-02 23:56,,,,
4764828013432662,LrctjeoZw,2305363161,孙晨孙老板,这个假期因为太累了，加了三天班，每天凌晨四点就要起床，颈椎和肩膀还伤了。怀念没有疫情的日子，怀念可以出去撒野的日子。愿人类早日战胜疫情，愿世界和平。,,北京,,,0,2,0,2022-05-02 23:56,iPhone客户端,"['https://wx3.sinaimg.cn/large/89690cd9ly1h1ui0dwyiyj235s2dckjo.jpg', 'https://wx3.sinaimg.cn/large/89690cd9ly1h1ui0fbyoxj22m81h07wi.jpg', 'https://wx4.sinaimg.cn/large/89690cd9ly1h1ui0gcfaaj23402c0kjm.jpg', 'https://wx3.sinaimg.cn/large/89690cd9ly1h1ui0icmszj23402c0b2c.jpg', 'https://wx2.sinaimg.cn/large/89690cd9ly1h1ui0kgj0lj22c0340qv8.jpg', 'https://wx2.sinaimg.cn/large/89690cd9ly1h1ui0bj1qqj22c0340npg.jpg', 'https://wx1.sinaimg.cn/large/89690cd9ly1h1ui0lqz0pj21r70zkard.jpg', 'https://wx2.sinaimg.cn/large/89690cd9ly1h1ui0n5uqbj23402c0hdu.jpg', 'https://wx1.sinaimg.cn/large/89690cd9ly1h1ui0nzq25j21r70zk1kx.jpg']",,
4764828008973378,LrctiBEnU,1996023807,阿阿阿阿阿阿米咪,不知不觉疫情封控满月了但依然要保持开心呀plog#日常碎片##plog##疫情下的上海人生活现状#,,,,"日常碎片,plog,疫情下的上海人生活现状",0,0,1,2022-05-02 23:56,plog超话,"['https://wx4.sinaimg.cn/large/76f8e7ffly1h1uhuza1fej21161dknfi.jpg', 'https://wx2.sinaimg.cn/large/76f8e7ffly1h1uhuyocyej215o20x4qp.jpg', 'https://wx2.sinaimg.cn/large/76f8e7ffly1h1uhv0iqs4j221p20okjl.jpg', 'https://wx1.sinaimg.cn/large/76f8e7ffly1h1uhzt6v5oj21qi1lyb1e.jpg', 'https://wx2.sinaimg.cn/large/76f8e7ffly1h1uhv8qmshj21nd1nd4qp.jpg', 'https://wx3.sinaimg.cn/large/76f8e7ffly1h1uhv20axhj21d81d84qp.jpg', 'https://wx2.sinaimg.cn/large/76f8e7ffly1h1uhv7c5vxj22vg1wzu0x.jpg', 'https://wx2.sinaimg.cn/large/76f8e7ffly1h1uhv3p3d6j22c02c0b2a.jpg', 'https://wx1.sinaimg.cn/large/76f8e7ffly1h1uhv1cghnj21if1ifb29.jpg']",,
4764827991673674,Lrcth71oK,5228882906,程小佳被占用了,如果没有疫情，我现在可能会和我的gxy宝贝在青岛看海，可是现在我必须睡觉了，因为我明天早八🙃🙃🙃,,,,,0,0,0,2022-05-02 23:56,HUAWEI P40 5G,,,
4764827987214594,LrctgugQq,3315054015,一个贺吹,疫情快快退散！,,,,,0,0,0,2022-05-02 23:56,iPhone客户端,['https://wx1.sinaimg.cn/large/c597b5bfgy1h1ui1g8kfaj20l319xgnd.jpg'],,
4764827954450030,LrctdiFEG,5365398935,BBBBill_Wong,很可惜没有能和小伙伴们聚到一起，只能下班后视频远程喝酒希望疫情退散，大家自由相聚,,,,,0,0,1,2022-05-02 23:56,iPhone 13,"['https://wx4.sinaimg.cn/large/005R6Fmvly1h1uhyynn82j30u01hctuv.jpg', 'https://wx4.sinaimg.cn/large/005R6Fmvly1h1uhyzv5euj32c0340b2b.jpg', 'https://wx2.sinaimg.cn/large/005R6Fmvly1h1uhz1j7x4j30wi1yc7w5.jpg']",,
4764827946061818,LrctcpqXg,5391793730,JK日常,【投稿】祝各位美少女五一快乐！距离四级还有四十天整啦，虽然还不知道会不会因疫情延期，但想开始好好学习认真备考了。这里英语基础不是很好，也不想胡乱一通复习，请问各位友友是怎么复习的？看什么网课（最好是免费的）或者资料？如何提升？谢谢大家,,,,,0,23,43,2022-05-02 23:56,iPhone 13,,,
4764827945796756,Lrctcok04,5995411134,奶油菠萝_none,唉今年实习工作毕设疫情全赶一块了，现在还说什么尽早gohome，实验还没做，我还毕不毕业了,,,,,0,0,0,2022-05-02 23:56,微博 HTML5 版,,,
4764827933477772,LrctbeAJ6,7349425979,取什么名能得到你,不过说的好对这个批疫情已经形成市场了有些在上面的人哪里愿意解封哦最好几把关死,,,,,0,0,0,2022-05-02 23:56,iPhone客户端,,,
4764827916437346,Lrct9r0Ea,5683939450,郦勤轼,上海疫情变严重的这段时间，见到太多苦难了，到底是为什么啊！中国不是泱泱大国吗，不是自诩仁义民主吗，这就是所谓一切为了人民吗？我实在无法理解。我已经越来越不明白这个国家到底要追求些什么了，经济发展吗，大国位置吗，个人独裁吗，绝对服从吗！女性，疫情下的普通人，艺术，自由……没有一样能在这里得到尊重啊好难过，好生气,,,,,0,0,5,2022-05-02 23:56,vivo AI智慧拍照X21,,,
4764827912243328,Lrct99pAI,7437970250,大波浪er666,#哈尔滨疫情#吉林大学生回家了哈尔滨的大学生怎么算啊？,,哈尔滨,,哈尔滨疫情,0,6,65,2022-05-02 23:56,小米10S,,,
4764827911981716,Lrct98jxa,1363146823,一杯芋泥和奶茶,#京东物流#感谢京东，让我在疫情期间快乐水自由，还能吃上小零食。京东保供会场买的差不多到齐啦，还有一个在路上，目测过两天也到了,,,,京东物流,0,5,8,2022-05-02 23:56,OPPO Reno,"['https://wx4.sinaimg.cn/large/513ff847ly1h1uhy4rwn9j20u0140n4n.jpg', 'https://wx4.sinaimg.cn/large/513ff847ly1h1uhz0p0plj22bc334b2a.jpg', 'https://wx1.sinaimg.cn/large/513ff847ly1h1uhy53o94j20u014010r.jpg', 'https://wx3.sinaimg.cn/large/513ff847ly1h1uhy5mfclj20u0140wk4.jpg', 'https://wx1.sinaimg.cn/large/513ff847ly1h1ui0no444j20u01t014y.jpg']",,
4764827907788090,Lrct8wG2m,2293074611,XAUNLYII,别的不说，单就疫情这一话题，某乎让我有了找到组织的感觉。渣浪二极管大聪明发言太多，看多了真的会对人生产生怀疑#疫情#再封100年，看能不能回到大清。#这波新冠疫情还要持续多久#,,,,"疫情,这波新冠疫情还要持续多久",0,0,2,2022-05-02 23:56,HUAWEI Mate30 Pro 5G,['https://wx2.sinaimg.cn/large/88ad8ab3gy1h1ui1e48sjj20wo1uon6e.jpg'],,
4764827870827145,Lrct53tb3,5640045569,临江周润发,#疫情下的辽宁高校#拿了某厂的offer只想尽快出去实习，在就业形势不好的今年留个保底去处,,沈阳·东北大学(浑南校区),,疫情下的辽宁高校,0,1,9,2022-05-02 23:55,HUAWEI Mate 40 Pro,,,
4764827861909897,Lrct480QN,6041051117,潘集区人民政府发布,【全国统一式样重点物资运输车辆通行证启用】按照省疫情防控应急综合指挥部办公室要求，从4月27日起，我省正式启用全国统一式样的重点物资运输车辆通行证。O全国统一式样重点物资运输车辆通行证启用,,,,,0,0,0,2022-05-02 23:55,iPhone客户端,,,
4764827854047810,Lrct3gZ1g,5982309823,威9疯狂的猫,不知不觉大学毕业两年了，今年比毕业那年还难，这个狗币疫情什么时候能过去,,,,,0,0,0,2022-05-02 23:55,荣耀10青春版,,,
4764827833076754,Lrct1cUp4,5278342608,油麦菜的菜的男孩,我得是有多害怕黑，才在家里放了这么多灯和灯管疫情赶紧结束吧。,,,,,0,2,0,2022-05-02 23:55,iPhone 13,,,
4764827815774644,LrcsZoefq,6983735198,长效抑菌48782,接下来要面对的这个考试，其实是蛮有把握的，可是他很重要，于是也不免会紧张，加上考前没有什么任务量了，越没事干，越是会焦虑，怕有一点纰漏。深呼吸，别怕最近为数不对的开心就是想考完试干啥了，可惜疫情又几乎啥也干不了朋友们，对于有信心的考试，到最后三四天的时间又要干啥啊,,,,,0,0,0,2022-05-02 23:55,前后2000万 OPPO R11s,,,
4764827786940761,LrcsWt7BL,2969386205,吃谷有助减肥,斗篷尾款补完了，错过了第一批发货疫情快滚蛋吧…裙子裙子也快发货吧，尾款补俩月了,,,,,0,0,0,2022-05-02 23:55,iPhone客户端,,,
4764827786939186,LrcsWt7cm,3166816935,小心情与大梦想,节假日不出门疫情期间，不能出门。只能云过节,,上海,,,0,0,0,2022-05-02 23:55,节假日不出门超话,,,
4764827782222430,LrcsW9k9E,2323493184,一盒阿华田,是不是因为我太久没发微博微博都被发黄色内容了还是被别人提醒才知道还坐标西藏咱就是说疫情能出市吗真是世风日下！如果微博有异常消息大家千万别被骗了啊🙏🏼,,,,,0,6,0,2022-05-02 23:55,iPhone客户端,['https://wx1.sinaimg.cn/large/8a7db140ly1h1uhv3upqrj208c08ca9y.jpg'],,
4764827778551454,LrcsVzSCG,5817509516,爱吃饼干的诺诺酱,我决定不抱希望了济南疫情真的是呈三角函数变化的我想回济南啊,,,,,0,2,4,2022-05-02 23:55,iPhone 12 Pro,,,
4764827741065320,LrcsS4t8A,2429465454,山海间行走,封控第六天山大1例万人转运疫情仍不明朗继续小区里跑跑走走,,,,,0,0,0,2022-05-02 23:55,iPhone客户端,['https://wx2.sinaimg.cn/large/90ceb36ely1h1uhw3ef5vj20v90v9wl7.jpg'],,
4764827710392809,LrcsP1EbD,5509788983,·满眼星陈·,4月初疫情休假在家开新档重新玩到今天终于把120座神庙肝完了，5月能把900个呀哈哈找完吗,,,,,0,0,0,2022-05-02 23:55,芋头泥💙iPhone 13 Pro Max,"['https://wx3.sinaimg.cn/large/0060SvOfgy1h1uhzi6259j30zk0k0js7.jpg', 'https://wx3.sinaimg.cn/large/0060SvOfgy1h1uhzj2gw9j30zk0k0n3l.jpg', 'https://wx3.sinaimg.cn/large/0060SvOfgy1h1uhzhn3yjj30zk0k044d.jpg']",,
4764827660584109,LrcsK2rX7,7355868676,地球没有超能力,#疫情下的辽宁高校#放我回家放我回家放我回家放我回家放我回家放我回家放我回家放我回家放我回家放我回家放我回家放我回家！！,,,,疫情下的辽宁高校,0,0,1,2022-05-02 23:55,nova7你在焦点在,,,
4764827639616312,LrcsHElDO,1847725015,LOLICON白石,拜登脱口秀4月30日：川普才是真正的美国疫情#哔哩哔哩动画#O拜登脱口秀4月30日：川普才是真正的美国疫情,,,,哔哩哔哩动画,0,0,0,2022-05-02 23:54,哔哩哔哩,['https://wx4.sinaimg.cn/large/6e220bd7ly8h1ui0a43noj21c00u0gph.jpg'],,
4764827634895466,LrcsHkxx8,2656754734,寒武纪遗少,#上海疫情#已经30多天，潜伏期不可能30天！但每天还会6000多新增，这说明仍有感染者在随意流动传染！只有禁止一切流动15天，每天核酸，才有可能清零！你现在就解封，这些人会疯狂出逃省外，全国怎么办？@中国新闻网@紫光阁@上海发布,,,"中国新闻网,紫光阁,上海发布",上海疫情,0,8,2,2022-05-02 23:54,iPhone客户端,,,
4764827630961458,LrcsH427o,5747086988,柳时镇兮,今天有个小姑娘啊身体很不舒服身边围了一圈医护人员都吸上氧了然后她哭了我看这周围的这几个女孩子也就20出头的样子待在这儿肯定也很委屈吧也没几个人告诉家里人实情咱女娃娃可真棒👍有事自己扛生活区也是一团糟虽然生活不尽人意但仍祈祷万事顺意啊疫情快快散去阿弥陀福,,,,,0,0,0,2022-05-02 23:54,iPhone客户端,"['https://wx4.sinaimg.cn/large/005ynVaBly1h1ie8oavpig306n06ntll.jpg', 'https://wx1.sinaimg.cn/large/4e74a3b7ly1godovrr9jgg208c08ct91.jpg']",,
4764827623097406,LrcsGcZMa,6047644246,野渡无人舟自横·,首页转发太让人心碎了，疫情快快结束吧。,,,,,0,0,0,2022-05-02 23:54,iPhone客户端,,,
4764827602388693,LrcsEa1pj,3910716621,饭饱饱饱了饱,不管有没有疫情，对我来说，家不是想回就可以回的，远方不是想去就可以去的。工作快七年了，回家的次数一个手都数不完，出去走走逛逛成为我内心唯一的追求，这也是屈指可数的。不羡慕大富大贵的，只羡慕那些想回就回、想走就走的人。回不去的故乡，到不了的远方，只能一直在路上。,,,,,0,0,0,2022-05-02 23:54,iPhone客户端,,,
4764827576699274,LrcsBs6MO,3131975381,追逐璐璐的皮克斯c,#沈阳疫情#大东龙湖又怎么了蹲一个答案,,,,沈阳疫情,0,13,6,2022-05-02 23:54,iPhone客户端,,,
4764827559661853,LrcszExul,7483237697,不不开心少女,#辽宁大学生要回家#本来四月初就应该回家了但是因为疫情学校一直不放外卖不让定快递不通什么都不让干课都已经结了就是不让回家有事吗看看辽宁大学生吧,,,,辽宁大学生要回家,0,0,10,2022-05-02 23:54,vivo X50专业影像旗舰,,,
4764827555201717,LrcszlPcF,5220685877,L_ixxxxj,#疫情下的辽宁高校#别逼我求你,,,,疫情下的辽宁高校,0,3,4,2022-05-02 23:54,🪐HarmonyOS设备,,,
4764827551273058,Lrcsz5lbc,6577801806,LMX一定会有猫猫,疫情毁我青春,,,,,0,2,3,2022-05-02 23:54,vivo S7轻薄自拍旗舰,,,
4764827548126877,Lrcsyy6aF,5599145633,偷偷喝杯小酒,嗐，我是真的很想去西安赏美景吃美食，疫情也就算了，人身安全真的不敢恭维。（想看一眼兵马俑想了几年...）,,,,,0,2,0,2022-05-02 23:54,,,,
4764827535021252,Lrcsxl4fW,3833768921,Jratoo,疫情当前，比疾病更让我崩溃的是不知道能不能撑过这无数无数的考验。,,,,,0,0,4,2022-05-02 23:54,荣耀20,,,
4764827526631322,LrcswrP6O,7530368372,irONeK,之前总是七八月去重庆所以目前的目标就是在除了七八月以外的月份去重庆拍好看的照片收藏了一堆机位了希望六月疫情好转我也可以带新相机去拍照,,,,,0,0,0,2022-05-02 23:54,微博客户端,,,
4764827493598754,Lrcstf6cq,7479574738,龙zone加辣不加麻,#美国暴发马流感疫情#可怜的🐴🐴真下头,,,,美国暴发马流感疫情,0,0,2,2022-05-02 23:54,HUAWEI Mate 30 5G,,,
4764827458734732,LrcspAEiM,5955370018,仙草木子,呜呜呜为啥有破疫情啊要不然我就很high的去参加生日会了而不是现在因为疫情五天准确来说是六天的五一小长假都不能回家需要在学校待着,,,,,0,2,0,2022-05-02 23:54,李易峰的小蜜蜂,"['https://wx1.sinaimg.cn/large/006v27N8ly1h1ui3ten2uj33342bce82.jpg', 'https://wx3.sinaimg.cn/large/006v27N8ly1h1ui3tvuy6j30u01uotil.jpg']",,
4764827430163950,Lrcsn0GEm,2186209727,睿睿睿的项,疫情见不到那就互相发个照见个面吧@芸芸芸的刘,,,芸芸芸的刘,,0,0,0,2022-05-02 23:54,iPhone客户端,"['https://wx2.sinaimg.cn/large/824ee9bfly1h1uhyf8kvmj20sg0sgq8q.jpg', 'https://wx3.sinaimg.cn/large/824ee9bfly1h1uhyi9drqj20jd0sg0xd.jpg']",,
4764827426227361,Lrcsmq81j,1631303105,秀秀裴,想吃烤牛小肠鸡爪煲火锅这该死的疫情,,,,,0,0,0,2022-05-02 23:54,iPad客户端,,,
4764827408665098,LrcskAmbE,2420422525,fo_ol辜建林,疫情居家办公第十四天样子,,,,,0,0,1,2022-05-02 23:54,OnePlus 7 Pro,['https://wx4.sinaimg.cn/large/9044b77dgy1h1uhyfem53j22o03k0kjn.jpg'],,
4764827400275813,Lrcsk19KB,6277553350,熬夜喝牛奶,疫情给我滚出拆那,,,,,0,1,3,2022-05-02 23:54,微博客户端,,,
4764827396341992,LrcsjqBQc,2384686902,墨橙Y,好恨这疫情，错过了好朋友的婚礼，失去了出国看演唱会的机会，也甚至不能出市旅行，除了上班就是摆烂。,,,,,0,0,0,2022-05-02 23:53,老年机0824Android,['https://wx3.sinaimg.cn/large/8e236f36gy1h1uhxu7y6dj20u00u0t9u.jpg'],,
4764827384026890,LrcsigTzQ,5836064537,Sinory爱肥肠,很暖很开心希望疫情早日结束我要和他她吃饭！！,,,,,0,0,4,2022-05-02 23:53,iPhone客户端,,,
4764827358070410,LrcsfxRtU,2215859185,小松可奈-,我觉得我妈小时候写作文一定不会跑题…和她说疫情严重很烦，她说，“哎，我唯一担心的就是我闺女，门都没法出，咋谈恋爱啊”不管谈什么话题永远能坚持一个中心思想，服的,,,,,0,3,0,2022-05-02 23:53,Rich girl'iPhone 13,,,
4764827345752190,Lrcseo8pg,5911988027,_翻斗花园小陳,"我！真！的！好！想！出！去！玩！！！！！所以疫情到底什么时候能结束啊从我最美好的大学时光开始到毕业工作他真的再不结束我都老了为什么一定是我最青春这几年呢#最惨的一代人##疫情什么时候能结束##一代人终将老去,但总有人正年轻#",,,,"最惨的一代人,疫情什么时候能结束,一代人终将老去,但总有人正年轻",0,2,0,2022-05-02 23:53,iPhone客户端,,,
4764827345489777,Lrcsen28N,7335242527,yeomannnn,刚才刷到那种哥哥特别宠妹妹的视频我就想起来我哥去年给我寄的葡萄好好吃怎么暗示他再寄点葫芦岛和阜新别有疫情求求了我想让爸爸妈妈爷爷奶奶哥哥来陪我过生日从小到大我都很注重过生日的如果让我一个人在外地过我真的会很伤心,,,,,0,0,0,2022-05-02 23:53,iPhone客户端,,,
4764827313242138,LrcsbdBqy,5680984380,我喜欢的小黄花,上海外国语大学现在国内疫情如此不稳定，请贵校高抬贵手让专四延期吧，给全国英专生一个机会，给信女一个机会，如果延期信女愿改过自新重头做人认真复习🙏🙏🙏,,,,,0,0,18,2022-05-02 23:53,上海外国语大学超话,,,
4764827307738197,Lrcsawt3D,5496075751,每日一问累不累,#肖战#xz#虾什么事情都想告诉帅哥肖战#封控第六天，今天没有做核酸。明天全市连续三天全员核酸检测，希望这样的严控措施能尽快控制住疫情传播！北京加油！肖战晚安，愿君安！@X玖少年团肖战DAYTOY来看我家小姑娘的睡姿多妖娆！,,,X玖少年团肖战DAYTOY,"肖战,虾 什么事情都想告诉帅哥肖战",0,0,4,2022-05-02 23:53,iPhone客户端,"['https://wx2.sinaimg.cn/large/005ZWYn5ly1h1uhxpkp5sj315a2hewu1.jpg', 'https://wx4.sinaimg.cn/large/005ZWYn5ly1h1uhxq1g6lj30tz192dyt.jpg']",,
4764827262387473,Lrcs6a15D,5529243809,Bexy-,真的，疫情让毕业没了很多东西。以前会有毕业旅行，会有一场一场的散伙饭，会逛学校的每个角落，会有二手货市场，会拍毕业照，会和老师告别，会有送别会，会和呆了四年的城市好好告别。但疫情让我的大学就这样潦草结束了,,,,,1,9,16,2022-05-02 23:53,iPhone客户端,,,
4764827220184778,Lrcs20M4i,1750353804,合肥交通广播,"【#合肥战疫科里科气##听合肥四月#】习近平总书记强调：“人类同疾病较量最有力的武器就是科学技术，人类战胜大灾大疫离不开科学发展和技术创新！”合肥，作为四大综合性国家科学中心之一，自疫情发生以来，充分发挥人才与科研优势，自主研发的一批批“科技防疫军”，火速出征一线，用科技赋能战""疫""。为打赢疫情防控阻击战提供强大科技支撑！L合肥市广播电视台交通广播的微博视频",,,,"合肥战疫科里科气,听合肥四月",0,0,2,2022-05-02 23:53,微博视频号,,"http://f.video.weibocdn.com/o0/Ob57W3Jglx07VK4VStna01041200LDV30E010.mp4?label=mp4_720p&template=1280x720.25.0&ori=0&ps=1BVp4ysnknHVZu&Expires=1651619806&ssig=dEPYlMJED7&KID=unistore,video",
4764827220183036,Lrcs20LCc,5425931100,芒果不吃芒果sss,最难过的其实也不是疫情哪都不能去，想做的事做不了。最难过的是几年前平平常常普普通通的小事，现在都因为疫情做不了，以前平常的事情现在都成了奢侈念头。,,,,,1,6,2,2022-05-02 23:53,iPhone 12 mini,,,
4764827215987490,Lrcs1p7Cq,1767403005,一颗胖鱼仔biu,全世界只有中国在疫情防控上实施一刀切，美其名曰动态清零，并大肆宣传其他国家躺平，视而不见他们的防疫措施也看不到一刀切造成的灾难，同时对其他国家不采取一刀切的方式表达不满，并责备其他国家因为不一刀切所以全球疫情无法结束，但事实全球疫情都已经结束，除了中国。,,,,,1,3,6,2022-05-02 23:53,iPhone客户端,,,
4764827186630094,LrcrYrON0,5593142148,赚钱养圈圈呀,这么可爱的女孩子为什么会单身啊，是哪个老六把我对象谈了！本来脱单就够难了，疫情一严重更难了……哭泣#杭州疫情##OOTD##今天穿什么#L赚钱养圈圈呀的微博视频,,杭州·九和路[地铁站],,"杭州疫情,OOTD,今天穿什么",0,3,0,2022-05-02 23:53,iPhone客户端,,"http://f.video.weibocdn.com/o0/iigxZafrlx07VK5f0356010412007pCo0E010.mp4?label=mp4_720p&template=720x1280.24.0&ori=0&ps=1BVp4ysnknHVZu&Expires=1651619806&ssig=pzhB%2Fs4FoD&KID=unistore,video",
4764827181911094,LrcrY81a6,2701679922,上海崇明,【党旗飘扬|奋战在抗疫一线的“铁娘子”】#上海战疫##上海加油#在崇明新海镇，有这样一位“铁娘子”，自从疫情防控战打响以来，她第一时间部署社区疫情防控工作，身先士卒代领居委干部、党员志愿者坚守在防疫一线，用自己的坚毅和果决承担起社区防疫的重任，确保居民群众的健康安全，她就是新海镇跃进居民区党总支书记、居委主任朱彩珍。朱彩珍本应在2021年退休，因工作需要她留任至今。别看她身材瘦弱，可工作起来雷厉风行、一丝不苟，为疫情防控工作奉献自己的智慧和力量。跃进居民区共有714户家庭，约1230人，人员流动复杂。为确保疫情防控筛查工作不留死角、不落盲点，朱彩珍快速行动，带领居委干部，挨家挨户入户排摸和登记。她总是风风火火地走在队伍最前头，详细了解家庭情况，认真核对每位居民的联系方式，确保不漏一户，不落一人。同时，她以楼道为单位进行精细化防控，强化楼道召集人队伍建设。通过宣传发动，召集了100多名热心公益、责任感强的包片干部、双报到党员、志愿者等，为快速准确完成排摸和各项疫情防控工作提供支撑。“楼道召集人熟知所在楼道情况，可以帮助我们及时摸排、上报返崇来崇人员线索。而且，他们在核酸筛查、抗原检测，生活服务保障等工作中发挥了重要作用。”朱彩珍说。朱彩珍以“铁娘子”的魄力有序推进落实疫情防控工作，在关心关爱居民群众方面也展现出“铁娘子”特有的温情和细致。一次，朱彩珍了解到，一位居民长期服用的某种药物马上就要用完了，因在封控期间，他无法到市区配药，心急如焚。“我们帮您想办法！”朱彩珍笃定的回答，让居民悬着的心放了下来。朱彩珍立即与崇明各乡镇社区卫生服务中心和区级医院沟通联系。但是，查询一圈后，发现都没有这种药物。朱彩珍不放弃，又开始查找其他渠道。最终，在她的努力下，居民终于拿到了药。“真的特别感谢朱书记，这个药我一刻不能停，否则就有生命危险。”居民感激地说。此外，朱彩珍还在空余时间看望孤寡、独居老人，关心他们的身体情况，询问目前存在的困难和问题，为老人排忧解难。自疫情防控工作开展以来，朱彩珍加班加点、日夜奋战，没有休息过一天。她熬得眼睛通红、牙龈浮肿、喉咙嘶哑，仍坚持在一线工作。“自己身为支部书记，在这时刻，更要挺身而出，为所有在一线奋战的基层工作者树立榜样。”朱彩珍说。,,,,"上海战疫,上海加油",0,0,1,2022-05-02 23:53,360安全浏览器,"['https://wx2.sinaimg.cn/large/a1085d32gy1h1uhx309i5j20u00gywig.jpg', 'https://wx1.sinaimg.cn/large/a1085d32gy1h1uhx5ihwxj20m50ftn0a.jpg', 'https://wx3.sinaimg.cn/large/a1085d32gy1h1uhx8cuqxj20qc0jjdkb.jpg']",,
4764827178764246,LrcrXALYO,3847838304,渊鹿说市,#山东莱西疫情#3月13日12时至3月14日12时，山东莱西疫情新增29例本土新冠肺炎确诊病例，另有20例无症状感染者转为确诊病例。新增21例无症状感染者。（央视新闻）,,,,山东莱西疫情,0,0,0,2022-05-02 23:53,微博 weibo.com,,,
4764827170638338,LrcrX2G3M,3081988151,紫崴星雨,上海疫情最真实对话，我做志愿者我光荣#上海战疫#最美志愿者#众志成城共抗疫情##快手#@快手上海疫情的糜烂，让上海的基层公务员，也想着如何将全国各地支援的物资，变成它们敛财的手段。L松竹正能量•故事馆的快手视频,,,快手,"上海战疫 ,众志成城共抗疫情 ,快手",0,0,0,2022-05-02 23:53,微博视频号,,http://www.kuaishou.com/rest/kd/partner/weibo/linkcard/video?p=3xnb33va57ryu3y&a=3xcftjhijr96ypu&f=3xreegmqq4zev9e&kpn=NEBULA&subBiz=BROWSE_SLIDE_PHOTO&shareChannel=weibo&shareMethod=card&shareObjectId=5250915767386605072&shareResourceType=PHOTO_OTHER&shareToken=X-7lzSgAkiyB22fT,
4764827166443862,LrcrWr2lg,7008562097,九月底Sep30,还是很怀念没有疫情的日子日常,,,,,0,0,1,2022-05-02 23:53,日常超话,"['https://wx4.sinaimg.cn/large/007Ejda9ly1h1uhxrw216j30mi0u0juj.jpg', 'https://wx2.sinaimg.cn/large/007Ejda9ly1h1uhxsa7pkj30mi0u0wl1.jpg', 'https://wx2.sinaimg.cn/large/007Ejda9ly1h1uhxrjtq2j30mi0u00v4.jpg', 'https://wx1.sinaimg.cn/large/007Ejda9ly1h1uhxsrlkwj30mi0u042q.jpg', 'https://wx2.sinaimg.cn/large/007Ejda9ly1h1uhxt4xzzj30mi0u0gpv.jpg', 'https://wx4.sinaimg.cn/large/007Ejda9ly1h1uhxtiy29j30mi0u0agd.jpg']",,
4764827160939054,LrcrW3Wi2,6404610575,Uhexacosa-,等疫情过去，我们四处转转吧,,,,,0,2,0,2022-05-02 23:53,iPhone客户端,,,
4764827157794477,LrcrVwHHn,6794383224,eight0_0,这次的疫情给我练出了厨艺,,,,,0,0,0,2022-05-02 23:53,iPhone客户端,"['https://wx3.sinaimg.cn/large/007pOxscly1h1uhxevqj7j32xv27ee82.jpg', 'https://wx2.sinaimg.cn/large/007pOxscly1h1uhxfxoxtj32yo280npe.jpg', 'https://wx1.sinaimg.cn/large/007pOxscly1h1uhxgvhivj32a92a9b2a.jpg', 'https://wx3.sinaimg.cn/large/007pOxscly1h1uhxdnij6j327f27f4qq.jpg', 'https://wx2.sinaimg.cn/large/007pOxscly1h1uhxmeezxj31th1th1kx.jpg', 'https://wx3.sinaimg.cn/large/007pOxscly1h1uhxsen7dj326c26cx6q.jpg']",,
4764827157532008,LrcrVvBq0,1338638707,徐丹Kelly,本來四月中下旬蘇黎世的紫藤開始綻放燦若雲霞如果沒有疫情真的可以計劃飛去看美景順便繪畫寫生如果有條件將來我會定居瑞士頤養終年當然目前我只喜歡做白日夢😶‍🌫️因為睡覺時間到了自從剪了短髮後我大概和長髮再無瓜葛目前是因為髮質受損的關係需剪短而並非我本意要留那麼短😂💔,,,,,0,0,1,2022-05-02 23:53,iPhone 12 Pro,['https://wx4.sinaimg.cn/large/4fca0173gy1h1uhws9p25j22802yo7wj.jpg'],,
4764827144424854,LrcrUiz6C,2104243325,心事日记Y,过年还跟闺蜜们说两个月后（五一）就能再见了，可是真到了五一，草莓园在西安，苗蛋在南京，还好太原疫情解除佳回来了，正好我四月份就已经被隔离在家，否则现在五一我也回不了家只能呆在离石，唯一时间宽松的就是小郭了，稍微能有个喘息的时间等我们相见相聚。上午群里面找景点找半天，下午三人碰头之后开着车瞎逛，上午选的景点一个都没去。逛着逛着到了天池寺，想着来都来了，就去磕个头拜一拜吧。正当我们要走的时候，一个大叔喊住我们让我们去拜一拜狐仙和财神，于是我们折返进去，买了一包香，我们没带打火机，大叔帮我们点着的。大叔说我们香火旺极了，今年财运可以。我们三个开心的已经谋划钱到位后怎么安排了，要盖个养老院，只收老太太……，要把房子买在一起……要小郭好好考证，帮我们理财……哈哈哈，总之开心的像已经发大财了一样。喝了书亦的新品，去了一家新开的但味道不怎么好吃的烧烤店，味道太一般，主要是聊了好久，久到忘记时间。最近就觉得，男人，可以没有！恋爱，可以不谈！但闺蜜们，没有不行，不是她们，也不行！以前想去往天南海北，去自己喜欢的城市工作，赚钱，生活。现在只想踏踏实实守着自己的一亩三分地，守着我的家人朋友，平平安安健健康康快快乐乐的生活。,,,,,1,5,7,2022-05-02 23:53,OPPO Find X3,"['https://wx1.sinaimg.cn/large/7d6c347dly1h1uhqklvn2j22c02c0npd.jpg', 'https://wx3.sinaimg.cn/large/7d6c347dly1h1uhwb4irdj20u00saacy.jpg']",,
4764827123453394,LrcrSeunU,6879355337,言足斋,#球鞋很潮#球鞋先穿之全城10疫情里还能拍照，确实多亏了京东物流（倒是给我送送吃的啊）,,,,球鞋很潮,0,0,0,2022-05-02 23:52,HUAWEI P30 Pro,"['https://wx1.sinaimg.cn/large/007vz4A9ly1h1uhwgama3j328o3zf4qt.jpg', 'https://wx2.sinaimg.cn/large/007vz4A9ly1h1uhwbrj29j32003k0hdv.jpg', 'https://wx4.sinaimg.cn/large/007vz4A9ly1h1uhwprmc6j32843yf1l3.jpg', 'https://wx4.sinaimg.cn/large/007vz4A9ly1h1uhwmlp6cj327c3x1npi.jpg', 'https://wx4.sinaimg.cn/large/007vz4A9ly1h1uhwjx3r0j32eo4a2b2g.jpg', 'https://wx3.sinaimg.cn/large/007vz4A9ly1h1uhwzhtbwj32ay43f1l2.jpg']",,
4764827103003650,LrcrQcBnY,2619955267,送你情歌_Sun,疫情时期很难得的遛弯,,,,,0,6,4,2022-05-02 23:52,iPhone客户端,"['https://wx3.sinaimg.cn/large/9c295843ly1h1uhxsurtaj20u0140n5m.jpg', 'https://wx4.sinaimg.cn/large/9c295843ly1h1uhxsfve2j20u0140n1x.jpg']",,
4764827099071382,LrcrPC3SC,1511073731,G_allery,假期太短暂还吃上火了疫情什么时候能结束,,,,,0,0,3,2022-05-02 23:52,iPhone客户端,"['https://wx1.sinaimg.cn/large/5a1127c3ly1h1uhx58z0ij213r0ryqci.jpg', 'https://wx1.sinaimg.cn/large/5a1127c3ly1h1uhxdtakmj213r0oxwki.jpg', 'https://wx4.sinaimg.cn/large/5a1127c3ly1h1uhxil9xej213r0tu7fr.jpg', 'https://wx2.sinaimg.cn/large/5a1127c3ly1h1uhx8c97gj20u01407b4.jpg', 'https://wx4.sinaimg.cn/large/5a1127c3ly1h1uhx99pa6j20u014045s.jpg', 'https://wx3.sinaimg.cn/large/5a1127c3ly1h1uhxaarbfj20u0140wlq.jpg', 'https://wx2.sinaimg.cn/large/5a1127c3ly1h1uhxbaezuj21400u0q9g.jpg', 'https://wx4.sinaimg.cn/large/5a1127c3ly1h1uhxc4idnj21400u0gsf.jpg', 'https://wx2.sinaimg.cn/large/5a1127c3ly1h1uhxd2df2j20u01407cp.jpg']",,
4764827098546656,LrcrPzRni,2069228275,王様的酒館Bistro,随着#美国疫情##奥密克戎#病例继续上升，纽约市将COVID-19警报级别从“低”提高到“中”。,,,,"美国疫情,奥密克戎",0,0,0,2022-05-02 23:52,iPhone 13,"['https://wx1.sinaimg.cn/large/7b55eaf3ly1h1uhulwkrfj20t70mkq77.jpg', 'https://wx1.sinaimg.cn/large/7b55eaf3ly1h1uhxgs32xj20n0183grt.jpg']",,
4764827082556500,LrcrOaJ3S,1951146601,宝宝污w,#疫情下的辽宁高校#我要回家不要坐牢！#辽宁大学生要回家#,,,,"疫情下的辽宁高校,辽宁大学生要回家",0,0,21,2022-05-02 23:52,iPhone客户端,,,
4764827061059616,LrcrM4rEA,3569314904,京吃,#上海疫情#老上海的旧辰光L京吃的微博视频,,北京,,上海疫情,12,18,75,2022-05-02 23:52,微博视频号,,"http://f.video.weibocdn.com/o0/DSkcC9jSlx07VK6g3Wd201041200kFK70E010.mp4?label=mp4_720p&template=720x1270.24.0&ori=0&ps=1BVp4ysnknHVZu&Expires=1651619806&ssig=SoT%2B%2FS9HGO&KID=unistore,video",
4764827047692461,LrcrKwh9X,1699432410,新华社,#中央政治局会议为当前经济工作把舵定调#【#高效统筹疫情防控和经济社会发展#】4月29日召开的中共中央政治局会议强调要“高效统筹疫情防控和经济社会发展”，对防疫情、稳经济的整体工作提出明确要求。面对病毒变异和传播的新特点，如何在“高效”上想办法、在“统筹”上出实招？一起来看新华社推出的#落实中央政治局会议精神做好当前经济工作系列述评#第二篇文章。全文见→O网页链接（记者陈芳、董瑞丰、申铖、张千千，海报设计：乔昕）　　,,,,"中央政治局会议为当前经济工作把舵定调,高效统筹疫情防控和经济社会发展,落实中央政治局会议精神做好当前经济工作系列述评",149,49,581,2022-05-02 23:52,新华全媒平台,['https://wx1.sinaimg.cn/large/001R0E0aly8h1uhxtzm9ij60m812w47502.jpg'],,
4764827044809605,LrcrKkbch,6401120206,钢铁意志的划划,今天晚上学姐请吃小龙虾2016年的时候我和学姐因为刀塔2真正玩在一起先后毕业工作之后学姐云了两年我也云了差不多一年现在聚在一起聊到军体拳江底雅座这些老梗就好像还是三年前没有疫情一切都没有变一样聊到那几年我俩在网吧双排我的白虎箭射得有多准她玩5号位火女T出一个潮汐大每说出一段相当精彩的操作虽然当年的游戏录像的保质期都过不知道多少年了但是这些片段竟然还清晰的保存在我们的脑子里！！,,,,,0,0,7,2022-05-02 23:52,Redmi K40,['https://wx2.sinaimg.cn/large/006ZcrMigy1h1ugv0bie4j32bc2bchdw.jpg'],,
4764827036419116,LrcrJqVU8,3341003620,Steeeeeev,一些疫情前的回忆2017.06.21｜南宁三中，日落时分的双彩虹2017.10.15｜南宁三中，去晚自习路上看到的晚霞2018.08.12｜广西桂林猫儿山，海拔2100米山顶挨冻看完一整夜流星雨之后的日出2019.02.17｜广西北海银滩，和朋友们一次突然的海边旅行和合宿2019.04.01｜上海同济大学，傍晚的光线、樱花和人群2019.08.04｜日本新宿街头，霓虹灯和日落后的深蓝色天空,,,,,0,9,40,2022-05-02 23:52,iPhone客户端,"['https://wx3.sinaimg.cn/large/c723ab64ly1h1uhwbcpbwj24903h0e82.jpg', 'https://wx4.sinaimg.cn/large/c723ab64ly1h1uhwcd4m5j24993h91ky.jpg', 'https://wx4.sinaimg.cn/large/c723ab64ly1h1uhwddsv2j24903h07wi.jpg', 'https://wx3.sinaimg.cn/large/c723ab64ly1h1uhweeet9j24903h0npe.jpg', 'https://wx2.sinaimg.cn/large/c723ab64ly1h1uhwgihq1j24903h0kjo.jpg', 'https://wx2.sinaimg.cn/large/c723ab64ly1h1uhwjhh9mj24903h0b2b.jpg']",,
4764827014923396,LrcrHkENC,1931219195,宁夏新闻广播,【#广州本次疫情得到有效控制##广州近三日新增感染者数呈明显下降趋势#】#广州新增本土新冠病毒感染者12例#广州卫健委副主任陈斌通报：5月1日12时至2日12时，本次疫情新增12例新冠病毒本土感染者；其中，确诊病例9例、无症状感染者3例；在集中隔离排查发现3人、封控管控区9人。截至目前，本次疫情累计报告感染者96例，均收治在广州医科大学附属市八医院，病情稳定，无重症、危重症感染者。上述感染者均在隔离管理的密切接触者或管控区域排查发现，经流行病学调查均与此前公布病例或重点场所相关联，传播链条清晰。近三日疫情防控新闻发布会通报的新增感染者数量呈明显下降趋势，分别是4月30日39例、5月1日21例和今天12例；白云机场连续三天无新增本土阳性个案，本次疫情得到有效控制。近日，广州市继续在部分区域开展核酸筛查。今天，全市共开设161个核酸采样点、668个采样单元，投入1391名医护人员实施核酸筛查，完成核酸检测29万人次，已出结果均为阴性。L广州日报的微博视频,,,,"广州本次疫情得到有效控制,广州近三日新增感染者数呈明显下降趋势,广州新增本土新冠病毒感染者12例",0,0,0,2022-05-02 23:52,微博视频号,,"http://f.video.weibocdn.com/u0/JjADq2Ewgx07VJAmowv6010412008umH0E010.mp4?label=mp4_720p&template=720x960.24.0&ori=0&ps=1BVp4ysnknHVZu&Expires=1651619815&ssig=i5UMOOiQll&KID=unistore,video",
4764826997886854,LrcrFx5Jk,2783322923,一团大脸猫,很想搞个田野调查，由于这波疫情被迫足不出户一个多月，大家与住在一起的家人/朋友/情侣全天候低头不见抬头见还要应付不少困难，关系是迅速升温还是矛盾不断？,,,,,0,0,1,2022-05-02 23:52,iPhone客户端,,,
4764826997359394,LrcrFuSvU,5821530254,子鸣有点懵,趁着疫情和假期5黑的车队又组起来了距离上次5黑至少得一年了一晚上欢声笑语不知道下次5黑是什么时候了,,,,,0,0,0,2022-05-02 23:52,HUAWEI P40 Pro 5G,,,
4764826965118469,LrcrCltxX,3768599271,L蜗牛的晴天娃娃,五一假期过去了三天医院去半天家里游两天宜家半日游撑大了胃（提拉米苏的奶油yyds奶油蘑菇汤真香）疫情回个家真的好难,,,,,0,5,7,2022-05-02 23:52,OnePlus 9R,"['https://wx2.sinaimg.cn/large/e0a042e7gy1h1uhlzhan2j21400u0n21.jpg', 'https://wx3.sinaimg.cn/large/e0a042e7gy1h1uhlyik6oj20qo0zk437.jpg']",,
4764826960925570,LrcrC3SMy,6198092895,Xyanh_moon,疫情小区管控团菜发生一些不愉快我们简称为烧鸡大哥事件业主群瞬间炸锅纷纷讨伐烧鸡大哥气愤之余看到这条所以说大家先只看第一行（加标点符号很重要啊）#迷惑行为大赏#,,,,迷惑行为大赏,0,1,1,2022-05-02 23:52,iPhone 7,['https://wx2.sinaimg.cn/large/006Lsz6fly1h1uhtyzeshj30eu04g3z0.jpg'],,
4764826952012052,LrcrB8rqs,2707620352,梳风滤雨,《一日一打油，一日一唱和》，20220502，第2118天，夜半造句，与兄唱和：早与疫情作了断，方可换取万众欢。可怜缩食囚苦海，友言已觉衣裤宽。附为民兄今晨的打油诗句：大幅世界裁片断，装载此刻春晨欢。初日如花湖同海，眼界胸怀两绰宽。（早上打油，一起加油。今早好天色，晴光万里，湖天朗净，空气满飘野蔷薇的香气。一早读到一段文字，添加自己意思，题写到今早所作的左上角：“每个人都应该尽量发出自己真实的声音。没有人的看法是全对的，恰恰在不同看法的碰撞之下，才可以得到一个相对可靠的看法。看法很重要，能添加或稀释人之为人的浓度。”晨记于宜民山庄。）,,,,,0,0,0,2022-05-02 23:52,iPhone客户端,"['https://wx4.sinaimg.cn/large/a1630200ly1h1uhxdleafj20yi1yl7hm.jpg', 'https://wx2.sinaimg.cn/large/a1630200ly1h1uhxdwx0wj20u21kqqd1.jpg', 'https://wx4.sinaimg.cn/large/a1630200ly1h1uhxd56i8j20u0140n51.jpg', 'https://wx1.sinaimg.cn/large/a1630200ly1h1uhxe99xqj20u0140dp3.jpg']",,
4764826951226021,LrcrB58Wx,5803732359,萤火虫0303,#hi五月#时间过得真快，第一年疫情刚解封和郁哥逛杉杉。今年啥时候能解封？,,,,hi五月,0,0,0,2022-05-02 23:52,iPhone客户端,['https://wx2.sinaimg.cn/large/006kLRUrly1h1uhwp018vj31420u046t.jpg'],,
4764826948341144,LrcrAyZUA,5210817419,槐序林钟,虽然疫情很烦，虽然生活受到很大的影响，虽然一切都很难很难，但我们依然要活力过每一天！🌵,,,,,0,0,1,2022-05-02 23:52,种花家的兔子,"['https://wx3.sinaimg.cn/large/005GE3Efly1h1uhwaj1j2j31mc1mcb29.jpg', 'https://wx4.sinaimg.cn/large/005GE3Efly1h1uhwd7541j31mc25s4qp.jpg', 'https://wx2.sinaimg.cn/large/005GE3Efly1h1uhwe1dbnj30x2182k2y.jpg', 'https://wx3.sinaimg.cn/large/005GE3Efly1h1uhwfpulej31mc1mc19c.jpg', 'https://wx3.sinaimg.cn/large/005GE3Efly1h1uhwja6zbj31mc1mc7wh.jpg', 'https://wx3.sinaimg.cn/large/005GE3Efly1h1uhwlay85j31mc25snio.jpg']",,
4764826880445468,Lrcru1RSY,7722837122,表姐Juliet,可以堂食的第一天应该去吃什么：（来点素材我要开始做梦了）#苏州疫情#,,,,苏州疫情,0,0,0,2022-05-02 23:51,iPhone客户端,,,
4764826880443932,Lrcru1Ruc,6382629597,学着长大别怕摔,一场疫情，让你看到更多的是人性！努力收起自己的不开心，因为你改变不了什么～别让自己活在困扰的漩涡里！,,上海·金都路,,,0,0,1,2022-05-02 23:51,iPhone客户端,['https://wx3.sinaimg.cn/large/006XWRwFly1h1uhvxe51tj30u01407b6.jpg'],,
4764826880184612,Lrcru0M1C,3786432375,三个鹅子一个哥,我哥今晚的直播真绝了真的很想很想很想他演唱会我真的盼了三年多了刷直播的唱歌视频刷到我真的想哭张杰啊真的好想看你的live不止你因为疫情快被关坏了我也要被家里人逼疯了每天晚上都要听你的声音才能睡得着觉十几年养成的习惯越烦越失眠的时候就越需要听到你的声音,,,,,0,0,0,2022-05-02 23:51,,,,
4764826846626306,LrcrqrNNU,7512553310,北极圈赛跑达人,#疫情下的辽宁高校#如果坚持要封到底，尽快安排学生分批回家不好么，省得领导们天天提心吊胆怕学校出事真没想到有生之年这书念得像坐大牢,,,,疫情下的辽宁高校,0,0,17,2022-05-02 23:51,iPhone客户端,,,
4764826839289608,LrcrpCYEo,1086978541,二不廬,【山西运城闻喜县今日新增1例新冠病毒阳性感染者山西疫情防控】O网页链接,,,,,0,0,0,2022-05-02 23:51,iPhone客户端,"['https://wx3.sinaimg.cn/large/40c9f9edly1h1uhwvsz0yj20k00zkwg2.jpg', 'https://wx3.sinaimg.cn/large/40c9f9edly1h1uhwv69p3j20qo19stq6.jpg']",,
4764826830898914,Lrcrp3LQC,1725852563,回到都灵1897,#是时候去趟桂林了#嗯，是时候回趟桂林了，因为疫情我快半年没回家了。,,,,是时候去趟桂林了,0,0,1,2022-05-02 23:51,iPhone客户端,,,
4764826817790798,LrcrnwGK2,7006563938,·芝士宝宝·,#哈尔滨疫情#非毕业年级有信吗,,,,哈尔滨疫情,0,3,6,2022-05-02 23:51,OPPO K9 5G,,,
4764826817269622,Lrcrnuv9Y,1564330651,木木_星河,#疫情日记#封闭管理的第53天，今天还是抗原+核酸，昨天只做了抗原，我以为核酸可以不做了，还是想多了。今天又发物资了，一小袋米，三个苹果。#上海查获591个黑骑手#,,,,"疫情日记,上海查获591个黑骑手",0,3,1,2022-05-02 23:51,iPhone 6s,,,
4764826805208002,LrcrmlQQ2,7018309873,漫漫星河TK,#广州本次疫情得到有效控制#广州政府做事真的很有安全感,,,,广州本次疫情得到有效控制,0,0,2,2022-05-02 23:51,iPhone 12,,,
4764826784236752,LrcrkhMaI,5605012669,想想不饿,希望快点过完这二十几天好想逃离宿舍也真的很想男朋友lj疫情什么时候可以结束两个月在见我真的很难受啊希望世界上再无疫地恋最近情绪总是不太稳定如果金金🐷在身边就好了每天都很依赖他不过他也值得依赖希望不要再有变故快快见面好好相爱,,,,,0,0,0,2022-05-02 23:51,iPhone客户端,,,
4764826758285108,LrcrhyLkM,2817769623,吃吐二狗子的油面筋,#广州本次疫情得到有效控制#爱了爱了！！！,,,,广州本次疫情得到有效控制,0,0,1,2022-05-02 23:51,Redmi K40,,,
4764826741770282,Lrcrg7qwW,5067831090,李小喵的微博,夏天已经来了，疫情什么时候能够消失🔕L李小喵的微博的微博视频,,,,,0,0,0,2022-05-02 23:51,微博视频号,,"http://f.video.weibocdn.com/o0/fYln3DoNlx07VK580yh2010412009jLJ0E010.mp4?label=mp4_720p&template=1280x720.25.0&ori=0&ps=1BVp4ysnknHVZu&Expires=1651619827&ssig=QFecRoPE1I&KID=unistore,video",
4764826720539546,Lrcre2gmm,6488754742,好看的都磕kkk,有家不能回，恨死疫情,,,,,0,0,0,2022-05-02 23:51,Android,,,
4764826708739141,LrcrcAFrT,1607728553,智泉古道,#上海疫情#这一个多月以来，上海发生的这些事，真的太可怕了，老百姓真的太难了，李立群那种生活质量算是最好的了，有吃有喝的，最苦的就是社会最低层的这些人，，，，，，，，，，，，，,,,,上海疫情,1,0,13,2022-05-02 23:51,新版微博 weibo.com,,,
4764826704019764,LrcrcgRIU,2772769611,逗逗呐丶,希望疫情早点结束，我想摘口罩了,,北京,,,0,3,2,2022-05-02 23:51,Samsung Z Flip3 5G,"['https://wx2.sinaimg.cn/large/a5451b4bly1h1uhu8egrmj21401e94qp.jpg', 'https://wx4.sinaimg.cn/large/a5451b4bly1h1uhu94vgej21401hcnoq.jpg', 'https://wx4.sinaimg.cn/large/a5451b4bly1h1uhuactp8j21hc1404qp.jpg', 'https://wx2.sinaimg.cn/large/a5451b4bly1h1uhubk304j21hc1404qp.jpg', 'https://wx1.sinaimg.cn/large/a5451b4bly1h1uhudkiehj21hc1hcx6p.jpg']",,
4764826628260428,Lrcr4yEUI,7392927900,Origami_熊,要离校了离校了离校了离校了😭😭😭毕业了连毕业典礼毕业照也没有😭😭😭彻底离校了😭😭😭上个寒假我室友回家一定没想到再也不用回来了，也没想到那是我们本科最后一次见面，她的位置仿佛从来没离开过😭😭😭可是她也不用再回来了😭😭疫情我恨你,,,,,0,21,5,2022-05-02 23:50,小九妈妈的Android,,,
4764826604409294,Lrcr2iv3E,5769878118,布拉格下喝格瓦斯,等疫情结束我们就去海边吧,,,,,0,1,1,2022-05-02 23:50,iPhone客户端,"['https://wx1.sinaimg.cn/large/006itOSily1h1uhv9djquj31sc2dsb2a.jpg', 'https://wx3.sinaimg.cn/large/006itOSily1h1uhv5l6h5j31fs35sb2a.jpg', 'https://wx3.sinaimg.cn/large/006itOSily1h1uhv4oertj30wi1ychdt.jpg', 'https://wx3.sinaimg.cn/large/006itOSily1h1uhv6ayaaj31sq2eakjl.jpg', 'https://wx2.sinaimg.cn/large/006itOSily1h1uhv2wmyxj32ne1m8e81.jpg', 'https://wx4.sinaimg.cn/large/006itOSily1h1uhv7kev9j33402c07wi.jpg', 'https://wx3.sinaimg.cn/large/006itOSily1h1uhva8nhzj31sc2ds7wh.jpg', 'https://wx4.sinaimg.cn/large/006itOSily1h1uhv8giazj31sc2dsazd.jpg', 'https://wx1.sinaimg.cn/large/006itOSily1h1uhv1n0zlj324i27yqv7.jpg']",,
4764826591036428,Lrcr14lCA,6447730211,LYY529925,东北石油大学合肥一直都有疫情，但是解封了高校，大庆0新增，行程码不带🌟，把学生封的死死的，封了14➕14➕14➕14天了，我真的快抑郁了,,,,,0,0,0,2022-05-02 23:50,东北石油大学超话,['https://wx4.sinaimg.cn/large/0072m1azly1h1uhtnqktmj30u01uw7cz.jpg'],,
4764826578982637,LrcqZBGNf,2092340947,_新Ccc,论和医生朋友们约顿饭有多难不是你值班就是我值班疫情加持，这顿饭前后约了好几个月,,,,,0,0,1,2022-05-02 23:50,iPhone客户端,"['https://wx1.sinaimg.cn/large/7cb696d3gy1h1uht46no7j23402c0kjm.jpg', 'https://wx4.sinaimg.cn/large/7cb696d3gy1h1uht2srk8j21ho1zknpd.jpg']",,
4764826574788253,LrcqZk5DT,5661048071,秃头少女404,我真的直接破防！为什么要这么突然就告别。我从来没有那么讨厌过疫情,,,,,0,0,0,2022-05-02 23:50,K30 至尊纪念版,,,
4764826570067798,LrcqZ0hDw,2873173097,昵称改了找不到,疫情之后的表彰大会，表彰的是哪些人啊？,,,,,0,0,2,2022-05-02 23:50,HUAWEI P40 5G,,,
4764826566397662,LrcqYqQk6,2102863733,ZVIVI微博,是因为被静默了30天嘛？竟然开始翻看起过去的朋友圈来……上万张照片！如果一年半载出不去，靠这些回忆也能熬过去吧～原来真的近3年‘自疫情以来就没怎么拍过照片囖…突然更加怀念19年以前去哪都不受限制的日子平安健康、无病无灾的活着，人生才有无限可能～,,,,,0,2,0,2022-05-02 23:50,,"['https://wx1.sinaimg.cn/large/7d572775ly1h1uhdmquu9j20ye207gw9.jpg', 'https://wx3.sinaimg.cn/large/7d572775ly1h1uhdnbx64j20yi1zt4b3.jpg', 'https://wx4.sinaimg.cn/large/7d572775ly1h1uhdo2z0aj20y91zzgwv.jpg', 'https://wx4.sinaimg.cn/large/7d572775ly1h1uhdos7fej20xw205gws.jpg', 'https://wx1.sinaimg.cn/large/7d572775ly1h1uhdpkr09j20yi202gyz.jpg', 'https://wx4.sinaimg.cn/large/7d572775ly1h1uhdq98auj20yi1zwk46.jpg', 'https://wx2.sinaimg.cn/large/7d572775ly1h1uhdm3732j20yi1zyh0s.jpg', 'https://wx1.sinaimg.cn/large/7d572775ly1h1uhdr7t1pj20yi1zz7fg.jpg', 'https://wx1.sinaimg.cn/large/7d572775ly1h1uhdrzxc4j20yi20912f.jpg']",,
4764826565609789,LrcqYnxmt,6654594551,吉吉王国de,通过本次疫情我发现了对我来说生活的意义就是可以堂食,,,,,0,5,7,2022-05-02 23:50,iPhone客户端,"['https://wx4.sinaimg.cn/large/007gm02bly1h1uhvdqpa5j32c0340qv6.jpg', 'https://wx1.sinaimg.cn/large/007gm02bly1h1uhvinay4j32c0340u0y.jpg', 'https://wx4.sinaimg.cn/large/007gm02bly1h1uhvbzds0j31hc0u0tpx.jpg', 'https://wx3.sinaimg.cn/large/007gm02bly1h1uhvbvs44j30u01hckaw.jpg', 'https://wx1.sinaimg.cn/large/007gm02bly1h1uhvpr402j32c0340qv7.jpg', 'https://wx4.sinaimg.cn/large/007gm02bly1h1uhvnw236j32c0340hdv.jpg', 'https://wx3.sinaimg.cn/large/007gm02bly1h1uhvonct2j32c0340b2c.jpg', 'https://wx4.sinaimg.cn/large/007gm02bly1h1uhvrvu37j32c03401l1.jpg', 'https://wx4.sinaimg.cn/large/007gm02bly1h1uhvcap3wj30rw1dkk7g.jpg']",,
4764826549095480,LrcqWCa9i,2235423434,悠然的时光,教大家三种排骨的高能吃法，椒麻糖醋小排、冰糖乌梅小排、番茄橙汁小排，酸酸甜甜，总有一款是你爱的美食天天见超话#春日美食推荐官##疫情宅家故事#L悠然的时光的微博视频,,,,"春日美食推荐官,疫情宅家故事",0,0,0,2022-05-02 23:50,微博视频号,,"http://f.video.weibocdn.com/o0/w9N052TFlx07VK53WvmM01041201DNcG0E010.mp4?label=mp4_720p&template=1278x720.25.0&ori=0&ps=1BVp4ysnknHVZu&Expires=1651619827&ssig=3O6AixOXSU&KID=unistore,video",
4764826532581454,LrcqVaPym,5890965906,叉烧樱桃肉_,Plog13上周的总结没什么很特别的疫情在学校的这几天比较闲鱼宿舍可以尽情地躺着摆烂悠闲懒散地逛校园以至于终于闲到主动想临摹一张手绘不太会画大佬们别喷我昨天去拍了视频不知道效果怎么样这几天又得开始好好学习了好了下周见,,,,,0,3,2,2022-05-02 23:50,iPhone客户端,"['https://wx1.sinaimg.cn/large/006qFTl8gy1h1tyhq36u3j30u01404a7.jpg', 'https://wx1.sinaimg.cn/large/006qFTl8gy1h1tyi5ogqxj30u01sxad4.jpg', 'https://wx3.sinaimg.cn/large/006qFTl8gy1h1tyhtyttej30u0140q5j.jpg', 'https://wx1.sinaimg.cn/large/006qFTl8gy1h1tyhp181bj30u0140dqi.jpg', 'https://wx1.sinaimg.cn/large/006qFTl8gy1h1tyhv9o7pj30u0140arp.jpg', 'https://wx3.sinaimg.cn/large/006qFTl8gy1h1tyhwf6zbj30u014012q.jpg']",,
4764826511081693,LrcqT4xoF,3274545301,小时光lmm,假期第一次晚上早早睡着，十一点半我弟来敲我的门，我直觉是和密接接触了要马上去方仓隔离迷迷瞪瞪看了眼手机又让排查，打了一圈电话导致现在越来越精神，该死的疫情什么时候能结束,,,,,0,5,0,2022-05-02 23:50,HUAWEI P30 Pro,,,
4764826482510062,LrcqQawYS,3751554703,种瓜的思齐,抢到了现货又有何用这疫情要到头了吗,,,,,0,0,0,2022-05-02 23:50,咔嚓一口iPhone客户端,,,
4764826478581140,LrcqPA0lu,5832986747,Amanda颖927,相距60公里的简单小确幸愿5月疫情散去你我相见@香辛料料料,,,香辛料料料,,0,0,1,2022-05-02 23:50,Flyme,"['https://wx2.sinaimg.cn/large/006mKCjply1h1uhn3dy2jj31kw0plaix.jpg', 'https://wx2.sinaimg.cn/large/006mKCjply1h1uho64jnvj30u0141aeg.jpg']",,
4764826474382738,LrcqPio9k,2377315884,Maggiesyy_,#广州本次疫情得到有效控制#耶！那我这个月可以见姐妹啦！,,,,广州本次疫情得到有效控制,0,0,0,2022-05-02 23:50,iPhone客户端,,,
4764826473598404,LrcqPf66M,2316098077,尐酥,#上海疫情#不懂为什么要骂上海人“共同富裕”之后上海缴的税都分给各个地方了说得不好听点衣食父母还要骂吗明争暗斗之下百姓的生活是什么样子没人关心其实大家明明都已经看见真相却不敢直指矛头只敢把怨气发泄在自己同胞身上只敢把怨气发泄在和自己一样的普通老百姓身上！,,,,上海疫情,0,6,4,2022-05-02 23:50,iPhone客户端,,,
4764826469929346,LrcqOFF4K,6902824832,us06537,疫情去死吧计划一步步落空现在连市都不能出了,,,,,1,0,0,2022-05-02 23:50,iPhone客户端,,,
4764826469926358,LrcqOFEiy,5112421189,兔咂家的胖咂,万万没想到今年五一唯一一次“出远门”是陪小姐妹去福州考试假期呜呜我的假期我想出去玩！！这该死的疫情,,,,,0,0,0,2022-05-02 23:50,,,,
4764826461539153,LrcqO6sp3,5831137693,坠入姑娘的怀抱里,☁️疫情杂咖画画祝我们的青春热烈又赤忱L坠入姑娘的怀抱里的微博视频,,,,,0,0,0,2022-05-02 23:50,iPhone客户端,,"http://f.video.weibocdn.com/o0/QgGyNhuplx07VK52LVa001041200fyq10E010.mp4?label=mp4_720p&template=1280x720.25.0&ori=0&ps=1BVp4ysnknHVZu&Expires=1651619839&ssig=bgfB81yQ69&KID=unistore,video",
4764826453147790,LrcqNdcSO,6329711226,是久喜鸭,我刷到这真是醉了合着大学生天天关学校#南昌疫情#L是久喜鸭的微博视频,,,,南昌疫情,5,5,33,2022-05-02 23:50,iPhone客户端,,"http://f.video.weibocdn.com/o0/dpg74sSFlx07VK52lXMs01041200gl5K0E010.mp4?label=mp4_720p&template=720x1280.24.0&ori=0&ps=1BVp4ysnknHVZu&Expires=1651619839&ssig=5ZxV3XDD3Q&KID=unistore,video",
4764826448955674,LrcqMBzMm,1731298840,树荫下有一只阿婵,放假总要在雨天即使下雨也没能阻止我们出去吃烤肉自从疫情加重后真的好长时间没出去堂食了～,,,,,0,0,3,2022-05-02 23:50,iPhone客户端,"['https://wx3.sinaimg.cn/large/67318618gy1h1uhm4tky9j22c0341u12.jpg', 'https://wx4.sinaimg.cn/large/67318618gy1h1uhn7cndlj22bz340npj.jpg', 'https://wx3.sinaimg.cn/large/67318618gy1h1uhlx1ssrj22c03414qw.jpg', 'https://wx1.sinaimg.cn/large/67318618gy1h1uhl3vzzaj22c0341kjq.jpg', 'https://wx3.sinaimg.cn/large/67318618gy1h1uhm7cej9j22da35su0z.jpg', 'https://wx2.sinaimg.cn/large/67318618gy1h1uhkr70ebj22c0341npg.jpg', 'https://wx4.sinaimg.cn/large/67318618gy1h1uhnd2mt5j22c0341b2d.jpg', 'https://wx4.sinaimg.cn/large/67318618gy1h1uhmdmud7j22c0341qv6.jpg', 'https://wx2.sinaimg.cn/large/67318618gy1h1uhna06jbj22da35su0z.jpg']",,
4764826427720042,LrcqKwokO,1191867367,几苇渡,天津的对外政策还是很友好的中高风险区来的要集中隔离上海来的，分情况，7天或14天集中隔离其他有疫情区县（非中高风险区）来津，均自我居家隔离＋核酸,,,,,2,5,7,2022-05-02 23:50,,['https://wx1.sinaimg.cn/large/470a73e7ly1h1uhsvkj5ej20zo256qv5.jpg'],,
4764826390495322,LrcqH24R4,5657587169,一走马,张杰抖音直播就是我五一假期第二开心的事！希望能早点去听演唱会疫情再不结束再不能去听演唱会我估计连孩子都要生出来了,,,,,0,4,2,2022-05-02 23:49,iPhone客户端,"['https://wx3.sinaimg.cn/large/006aSERXgy1h1uhsyc9mej30n00y7dmg.jpg', 'https://wx1.sinaimg.cn/large/006aSERXgy1h1uhsxrd5zj30n012uwm1.jpg', 'https://wx3.sinaimg.cn/large/006aSERXgy1h1uhszkoa8j30n00x9wll.jpg', 'https://wx4.sinaimg.cn/large/006aSERXgy1h1uht0rmujj30n01dsner.jpg', 'https://wx1.sinaimg.cn/large/006aSERXgy1h1uht22pamj30n01ds1ai.jpg', 'https://wx3.sinaimg.cn/large/006aSERXgy1h1uht30xgfj30n00uagu5.jpg']",,
4764826369002576,LrcqEBLYQ,2744532997,ADustFall,被疫情打乱的计划真是让人耿耿于怀😮‍💨,,,,,0,0,0,2022-05-02 23:49,iPhone客户端,,,
4764826356683606,LrcqDs2I6,5665276403,小哦嫂,#五一假期##疫情中的居家日常#这几天呆家里美食制作了不少面粉霍霍了一堆好在我是个小天才做啥吃的啥成功哦耶✌️,,北京·北京工业大学,,"五一假期,疫情中的居家日常",0,2,5,2022-05-02 23:49,iPhone客户端,"['https://wx1.sinaimg.cn/large/006boVbRly1h1uhtjh9ewj30uk5qsnpe.jpg', 'https://wx4.sinaimg.cn/large/006boVbRly1h1uhtley81j30xc3r4x6p.jpg', 'https://wx3.sinaimg.cn/large/006boVbRly1h1uhtnnc4hj30xc4p2e82.jpg', 'https://wx1.sinaimg.cn/large/006boVbRly1h1uhtqclgpj30xc3sz1ky.jpg', 'https://wx3.sinaimg.cn/large/006boVbRly1h1uhtsjsbij30xc37wnpd.jpg', 'https://wx3.sinaimg.cn/large/006boVbRly1h1uhtuzflwj30xc54o7wi.jpg', 'https://wx3.sinaimg.cn/large/006boVbRly1h1uhtxkw6mj30xc2p1hdt.jpg', 'https://wx2.sinaimg.cn/large/006boVbRly1h1uhtgclyhj30xc2837wh.jpg']",,
4764826355631854,LrcqDnD6m,1783303837,王槑兒,想问疫情啥时候消失,,,,,0,0,1,2022-05-02 23:49,Find X3 Pro 摄影师版,,,
4764826355631096,LrcqDnCU8,5632915394,我是Wulia小彩虹,[福气虎][百事可乐]🗓第84天[许愿虎]一切顺利[许愿虎]疫情快结束吧大家都顺顺利利啊！[许愿虎][许愿虎][许愿虎]健康平安O网页链接,,,,,0,0,2,2022-05-02 23:49,iPhone客户端,,,
4764826351701384,LrcqD78BG,5342239609,清让peace,#疫情下的辽宁高校#求求！,,,,疫情下的辽宁高校,0,0,3,2022-05-02 23:49,iPhone客户端,,,
4764826351698726,LrcqD77UO,2682144337,致胡杨树,#疫情下的辽宁高校#哭哭，孩子真的想回家，你们看看隔壁吉林吧，都不难的，为什么不互相谅解呢？都快关疯了QAQ,,,,疫情下的辽宁高校,0,0,6,2022-05-02 23:49,HUAWEI P20 Pro,,,
4764826339901645,LrcqBFxRX,5961158096,舟JIEJIE,疫情能不能快点结束啊，真的服了。,,,,,0,0,0,2022-05-02 23:49,微博客户端,,,
4764826338857454,LrcqBBaea,1257638294,政中评论,人做孽，不可活。活人被死亡是严重的人道主义灾难，是赤裸裸的谋杀，是光天化日之下的屠杀。上海新长征福利院，这样草菅人命的恶行和孙二娘开人肉店有何差异？不同者，孙二娘是自负盈亏的个体户，福利院却是打着国家旗号作恶多端。在鬼门关走一圈的老人大概没有想到，他的历险揭开了一个深不可测的黑洞。民政系统承担着国家救弱助困的职责，福利院是其中重中之重，守护着公平的底线。希望上海新长征只是个例。#上海疫情#,,,,上海疫情,2,5,21,2022-05-02 23:49,iPhone 11,,,
4764826314736457,LrcqzjSat,5819781579,李三笑0008,疫情前我到上海玩过，刚好那时，我正是来自老边山穷地区的拆迁户，自然是腰有十文，必振衣做响，跑去某知名法餐厅吃从未吃过的鹅肝，当然甜腻冷的鹅肝最后没有吃完。但是挨着我坐一小方桌4个人，让我自行惭愧，虽然他们4个人都是华人，但是他们基本都在用英文交谈，不时的欢笑都是用英文相互夸奖，而且还是那种窃窃私语的从头到脚用英文谈到饭局结束，反正菜吃得很少很少，话说得很多很多的这种，其中一个穿旗袍披围巾的大姐拿了一小块俄式面包像麻雀一样一点点，边说话边叼了很久。为何我知道他们是中国人呢？因为这4个人都是除了最标准的中国人长相以外，最后结账的时候有个人嘟噜了一句：啊哟，都快9点了侬....今夜回想，我就忍不住暗暗发笑，这个大抵不就是刚果的萨普海上分会现场啊！,,,,,7,42,157,2022-05-02 23:49,360安全浏览器,,,
4764826297698830,LrcqxwiOG,1875843933,TYOUSS,说到疫情，爸妈小小的紧张了一下，从往月的三十斤米增订到四十斤。,,,,,0,0,0,2022-05-02 23:49,微博客户端,,,
4764826264142214,LrcquhnzU,5836174719,懒癌晚期重症患者,忽然之间很遗憾在没有疫情的那些年里没有去看过一场演唱会(•︠ˍ•︡),,,,,0,0,1,2022-05-02 23:49,iPhone客户端,"['https://wx4.sinaimg.cn/large/006mXZEjly1h1uhskvhv4j31o0280qv5.jpg', 'https://wx1.sinaimg.cn/large/006mXZEjly1h1uhsk9u9pj31o0280npd.jpg']",,
4764826263362136,Lrcque6E0,6616881258,落日炖雏菊,#疫情下的辽宁高校#蛮心酸的，上了两周线下课然后线上封了两个月，快递收不到，学校里物价还飞涨。心情好压抑，感觉舍友们也都很不快乐，矛盾一触即发但还都憋着的感觉好想回家,,,,疫情下的辽宁高校,0,2,10,2022-05-02 23:49,荣耀30 Pro+ 5G,,,
4764826247631132,Lrcqsw1cM,7416568497,新的一年终于又可以改名了,#邵阳疫情#家人们高一高二啥时候复学在家摆烂中突然醒悟待会儿开学就考试得自救一下,,,,邵阳疫情,0,2,6,2022-05-02 23:49,iPad Pro,,,
4764826243433606,LrcqsepeK,6869110927,差不多得了大王,和锤锤连麦看完《大佛普拉斯》又畅想了一下疫情后一起去霓虹玩突然心情攀升至近三十天最高点人还是要多给自己画🫓！,,,,,0,4,2,2022-05-02 23:49,,,,
4764826242648290,Lrcqsb6Wm,7735188812,话梅糖一颗,#半山解封##半山疫情#半山街道有没有解封的小区,,,,"半山解封,半山疫情",0,3,2,2022-05-02 23:49,iPhone客户端,,,
4764826242385608,Lrcqsa0By,2082419821,深夜emo怪_,能不能一觉睡到疫情结束…,,,,,0,0,0,2022-05-02 23:49,nova 9 精彩由我摄定,,,
4764826226396406,LrcqqqPZQ,3630912430,小陈比较好奇,疫情真的让生活极其难搞,,,,,0,0,0,2022-05-02 23:49,HUAWEI Mate 40 Pro,,,
4764826209097622,LrcqoCaHQ,2134637422,万万万万万_____,5月已过两天了，讨厌疫情这四个字我都说倦了，好想去海边挥霍汗水时间金钱任何都好。想想也就挺好。自我安慰疗法我一直在用。逃避现实总要给自己找个活路，当然明天不会对我更好我肯定会对自己好。总之要加油了,,,,,0,0,0,2022-05-02 23:49,iPhone客户端,,,
4764826205947733,LrcqooXhb,1326839432,时间的床单,最近刷微博基本全是关于疫情的，对于疫情防控只有一个字总结，惨，最近要减少网络时间，多一些思考时间，多发现生活中积极的，美的一面，对美好生活的追求才是是我们奋斗的目的,,,,,0,0,0,2022-05-02 23:49,HUAWEI Mate 30 Pro,['https://wx4.sinaimg.cn/large/4f15f688ly1h1uhtlnpqxj22402tcnpe.jpg'],,
4764826188385697,Lrcqmzbvb,5706822433,空谷幽兰菇凉,疫情快过去，大家一起吃吃喝喝,,,,,0,0,1,2022-05-02 23:49,iPhone 11,"['https://wx4.sinaimg.cn/large/006edfd7ly1h1uhr7ysc1j30u014048n.jpg', 'https://wx1.sinaimg.cn/large/006edfd7ly1h1uhr8r38wj31400u0487.jpg', 'https://wx2.sinaimg.cn/large/006edfd7ly1h1uhr9huzmj31av0qdjys.jpg', 'https://wx1.sinaimg.cn/large/006edfd7ly1h1uhra5on5j30u0140ao4.jpg', 'https://wx4.sinaimg.cn/large/006edfd7ly1h1uhraz1wjj30u0140dtd.jpg', 'https://wx3.sinaimg.cn/large/006edfd7ly1h1uhrbqnpzj31400u0te7.jpg', 'https://wx1.sinaimg.cn/large/006edfd7ly1h1uhrcrb6ej31410u0qd6.jpg', 'https://wx4.sinaimg.cn/large/006edfd7ly1h1uhr78xv5j30u0141dmv.jpg', 'https://wx1.sinaimg.cn/large/006edfd7ly1h1uhrdkuizj30u0140ajw.jpg']",,
4764826172395164,Lrcqla35G,6324529270,鸣慧6324529270,误打误撞疫情前打完了九价，现在看周边妹子感觉很容易出点意外超过期限,,,,,0,0,0,2022-05-02 23:49,Android,,,
4764826163742677,LrcqkfHDL,1969203473,m墨儿o,今天的天气有点晴有点冷小区周边的超市都开门营业了大家也好像都恢复了往日的自在....我把家里的零食又恢复到了疫情前的储备量最近真的尝试了很多以前碰都不碰的食物最有成就感莫过于用有限的食材变着花样地做菜以及足够眼疾手快地给我陈抢到零食包.....,,,,,0,0,0,2022-05-02 23:49,🌷MoのAndroid,,,
4764826162956050,Lrcqkcp0e,5288474232,boy白菜男孩,做了五十次核酸。完全封校了三十三天。近两个月没出校门。体重不降反增。这个疫情再不过去，我可能就过去了。,,,,,0,0,2,2022-05-02 23:49,iPhone客户端,"['https://wx4.sinaimg.cn/large/005LTTJuly1h1uhu2tdeaj30n01dsad4.jpg', 'https://wx4.sinaimg.cn/large/005LTTJuly1h1uhty7wqhj30sg33uk57.jpg', 'https://wx3.sinaimg.cn/large/005LTTJuly1h1uhu26hajj33402c04qp.jpg', 'https://wx2.sinaimg.cn/large/005LTTJuly1h1uhu0x9ukj32c03404qs.jpg']",,
4764826146181038,LrcqipVYa,3131776177,Xhhygge·,张杰🥳#张杰直播变身点唱机#该死的疫情三年整整三年没有去现场看演唱会了下次开演唱会我一定一定要去@张杰LXhhygge·的微博视频,,,张杰,张杰直播变身点唱机,1,0,0,2022-05-02 23:49,张杰超话,,"http://f.video.weibocdn.com/u0/ZrZODEZdgx07VK4WYoMg01041203pzQN0E020.mp4?label=mp4_720p&template=720x1028.24.0&ori=0&ps=1BVp4ysnknHVZu&Expires=1651619854&ssig=YEUTru2Tx7&KID=unistore,video",
4764826130188793,Lrcqh0N73,5688746490,今天公租房排到我了吗,【北京本轮疫情累计报告400例本土感染者居住地工作地一览】@新浪新闻O北京本轮疫情累计报告400例本土感染者居住地工作地一览,,,新浪新闻,,0,0,0,2022-05-02 23:48,新浪新闻客户端,,,
4764826129926960,LrcqgFEsg,1817191084,maraki,小区有位业主确诊后康复重新回到家里，期间在业主群里消失了一段时间，最近又重新活跃起来，话风变化很大。现在她每天要发表很多阴谋论，大概意思就是疫情本身就是门生意，太黑暗了太可怕了。偶尔有其他业主提出一些质疑，她都会说“不能再讨论了，深层的原因我不能在群里说，真相你无法想象。”比较离谱的是今天说科兴今年的利润有望突破2万亿。确实很难想象，她在确诊后经历了什么。这位业主是西贝在上海的供应商，在疫情刚开始无法出门买菜初期，她曾调用自己的库存和运力，平价供应给我们很多品质不错的牛羊肉。很想跟她说，姐，再坚持一下下吧。（但我社恐只敢在微博说哈哈哈哈,,,,,0,2,1,2022-05-02 23:48,iPhone客户端,,,
4764826108428618,LrcqezmFs,5984813036,山竹买一送一,感觉illy咖啡豆真的非常普通，普通到我甚至觉得浪费我的时间去磨豆子，也就比大卫杜夫速溶好一丢丢。如果不是疫情，我应该不会喝这两款。淘宝上的豆子都发不了货。,,,,,0,0,0,2022-05-02 23:48,荣耀50 SE 5G,,,
4764826096373982,LrcqdqKaa,5252571239,CZHK_ZDBC,放假+疫情=王者荣耀,,,,,0,3,3,2022-05-02 23:48,iPhone 13,['https://wx4.sinaimg.cn/large/005JtfIXly1h1uhs7dgi9j30wi0s4n0j.jpg'],,
4764826084311506,Lrcqci5Cq,3992056232,彧媆,这个破疫情快结束吧想去海边,,,,,0,0,0,2022-05-02 23:48,🧸iPhone客户端,,,
4764826058102501,Lrcq9xZPv,1931219195,宁夏新闻广播,【#北京暂停开放全市图书馆文化馆美术馆#】5月2日，北京市文化和旅游局发布通知称：根据首都当前疫情防控需要，为防范聚集性风险，现将有关政策通知如下:一、即刻起暂停开放全市以室内游览为主的景区及开放景区的室内景点。二、即刻起暂停开放全市图书馆、文化馆(文化中心)、美术馆等公共文化场所。三、文化市场综合执法部门、各区文化和旅游部门要监督辖区文旅场所压实“四方责任”、落实“四早要求”，从快从严从紧从实做好疫情防控各项工作。四、政策将依首都疫情防控形势动态调整，恢复开放时间另行通知。,,,,北京暂停开放全市图书馆文化馆美术馆,0,0,0,2022-05-02 23:48,华为Mate30保时捷设计,"['https://wx2.sinaimg.cn/large/731c10fbly1h1uhtpq8vdj20xa0p40ye.jpg', 'https://wx2.sinaimg.cn/large/731c10fbly1h1uhtq84hkj20xg0l6dkw.jpg', 'https://wx1.sinaimg.cn/large/731c10fbly1h1uhtqhm1bj20xa0s0jx2.jpg', 'https://wx3.sinaimg.cn/large/731c10fbly1h1uhtqwudoj20x40py104.jpg']",,
4764826058883078,Lrcq9BgTs,7413253999,收废品的王铁锤,疫情让我意识到一个问题，家里也没个女人，被隔离在家的话会很痛苦,,,,,0,2,0,2022-05-02 23:48,iPhone客户端,,,
4764826032932906,Lrcq7ciYW,5895148267,谢朴朴error,从来没想过离家上学比在南方痛苦，疫情反复到这个地步，因为没有足够应对的能力而一直限制，我什么时候能洗上澡，我五本杂志什么时候才能收到，明明周边没有疫情却过得比风暴中心更委屈,,,,,0,2,1,2022-05-02 23:48,,,,
4764826011961218,Lrcq58ecy,3704995720,灵台发布,发布了头条文章：《李逢春暗访督查疫情防控工作》O李逢春暗访督查疫情防控工作,http://t.cn/A6X2iXEz,,,,0,0,0,2022-05-02 23:48,微博 weibo.com,,,
4764826008293934,Lrcq4yND8,5064345214,Sunny-Rainy-fan,2月14号到现在这个疫情就没安稳过，在家一个半月了，肉眼可见的胖了裤子也嫌小了，快递不发，店不许开啥时候是个头,,,,,0,0,0,2022-05-02 23:48,iPhone客户端,['https://wx4.sinaimg.cn/large/005wJtxkly1h1uhq9danlj30u0140doi.jpg'],,
4764825982863485,Lrcq2c0Vf,7529505893,xiao瑞的秘密心事,疫情宅宿舍的生活Lxiao瑞的秘密心事的微博视频,,,,,0,0,1,2022-05-02 23:48,iPhone客户端,,"http://f.video.weibocdn.com/o0/kpUt4zeflx07VK4Unuwg01041200Fzwb0E010.mp4?label=mp4_720p&template=960x720.25.0&ori=0&ps=1BVp4ysnknHVZu&Expires=1651619865&ssig=DrJU11fnTl&KID=unistore,video",
4764825945899801,LrcpYoKO5,7456992856,杬笙喜欢小羊驼,哎儿子太惨了被这🐶b疫情搞的从21岁开始就没出过门,,,,,0,0,2,2022-05-02 23:48,番茄鱼杬笙iPhone 11,,,
4764825941181158,LrcpY4XgW,2781570371,池宝贝养老勿扰,去年的今天还在威海的海边驰骋今年就只能待在家里疫情赶快结束吧还想出去玩啊啊啊啊,,,,,0,0,1,2022-05-02 23:48,iPhone客户端,['https://wx1.sinaimg.cn/large/a5cb6543ly1h1uhs0jyk1j22fz1oae81.jpg'],,
4764825933057936,LrcpXcPvy,2497679123,神域使者邵麻子,晒太阳不涂防晒后遗症，而且手部感染连护手霜都抹不了，疫情解封又要开始学车了，goodforme,,,,,0,0,0,2022-05-02 23:48,iPhone客户端,['https://wx3.sinaimg.cn/large/94df8f13ly1h1uhr87s94j20og15ek2r.jpg'],,
4764825924145109,LrcpWhokB,1751714412,新安晚报,【连续8天无新增！#合肥疫情防控转为常态化#：做到安不忘危严守风险点位】5月2日下午，合肥召开第40次市疫防工作视频会商会，研究和部署常态化疫防举措。会议强调，经过全市上下艰苦卓绝努力，目前疫情防控实现“三个没有”：连续8天没有新增病例，没有出现社会面传播，没有停学停诊停工停业情况，迎来由“应急化处置”转为“常态化防控”。常态化不是正常化，要慎终如始绷紧疫情防控之弦，做到安不忘危，警钟常鸣。一要提高政治站位。牢记疫情防控是“国之大者”，准确把握病毒变异和传播的新特点，继续强化高效统筹能力，算好政治账、经济账、民生账，确保疫情防得住、经济稳得住、发展更安全。今后每日会商会，同时研究疫情防控和经济发展工作，努力实现抓防疫和抓发展双胜利。二要严守风险点位。风险就在身边，不是天边。要继续严防“两大”风险点：道口查验点和潜入小区者。特别是针对“五一”假期人员流动和聚集增加的实际，要全面开展“潜伏者”排查行动，通过“数据推送+社区摸排”方式，对所有小区、宾馆、网约房等进行地毯式筛查，及时找出来自疫情中高风险和敏感地区未报备人员，严防发生“神不知鬼不觉”的隐匿传播。三要能力准备就位。常态化防控需要有常态化的思想和工作准备。各县（市区）、开发区要按照“市场化、专业化、科技化”要求，全面加强健康驿站、采样“小屋”等公共卫生应急设施建设，进一步提升核酸采样、转运隔离、人才支撑、信息化建设等方面能力，确保平时能服务、战时能应急，形成与千万人口大城市相匹配的公共卫生服务体系。四要担当尽责到位。疫情只要存在一天，疫防就是“天天考试”。近日应急处置，锤炼了广大干部和一线防控人员周密的思维、过硬的能力、顽强的意志、严谨的作风。要继续坚持全市一盘棋，善于运用科学的思想方法和正确的工作方法，勇于担苦、担难、担重、担险，紧扣住每一个环节，不放过每一个细节，在实战中锻造敢于斗争、敢于胜利的强大的“合肥战队”。@合肥发布O刚刚！合肥“切换”疫情防控状态,,,合肥发布,合肥疫情防控转为常态化,4,3,21,2022-05-02 23:48,大皖新闻iPhone客户端,"['https://wx2.sinaimg.cn/large/001Uy0Wgly1h1uhsjt7rmj60u00k0gpf02.jpg', 'https://wx2.sinaimg.cn/large/001Uy0Wgly1h1uhskdkmij60u00j4tef02.jpg', 'https://wx2.sinaimg.cn/large/001Uy0Wgly1h1uhsjfq89j60q50ha0vf02.jpg', 'https://wx4.sinaimg.cn/large/001Uy0Wgly1h1uhsl77zqj60fe0bkq4b02.jpg', 'https://wx4.sinaimg.cn/large/001Uy0Wgly1h1uhskyyo3j60u00mhwiu02.jpg', 'https://wx3.sinaimg.cn/large/001Uy0Wgly1h1uhslj7cyj60fe0bk75j02.jpg', 'https://wx4.sinaimg.cn/large/001Uy0Wgly1h1uhsmxu77j60t20ikwjl02.jpg', 'https://wx1.sinaimg.cn/large/001Uy0Wgly1h1uhsm4x45j60u00midkl02.jpg', 'https://wx2.sinaimg.cn/large/001Uy0Wgly1h1uhsltv5qj60u00f642f02.jpg']",,
4764825920734334,LrcpW3526,6092403969,天外音1台,醒世篇#小乡村大舞台##当地疫情#5月1日北京新增55例新冠阳性L天外音1台的微博视频,,,,"小乡村大舞台,当地疫情",0,0,1,2022-05-02 23:48,微博视频号,,"http://f.video.weibocdn.com/o0/wS6wbrjYlx07VK4Tk9CM0104120045g90E010.mp4?label=mp4_720p&template=720x1280.24.0&ori=0&ps=1BVp4ysnknHVZu&Expires=1651619865&ssig=cxdacSQWua&KID=unistore,video",
4764825894521153,LrcpTiY9P,6355941798,Spade亦木,有被iphone的夜景相机惊艳到#疫情下的济南#,,,,疫情下的济南,0,0,3,2022-05-02 23:48,iPhone客户端,['https://wx2.sinaimg.cn/large/006W8SOily1h1uhsdlnsjj326u2x4npf.jpg'],,
4764825886920833,LrcpSt2ql,6984345698,奶洛历险记,#哈尔滨疫情#这次解封能马上堂食吗还是和上次解封一样得等等啊,,,,哈尔滨疫情,0,3,2,2022-05-02 23:48,HUAWEI Mate30 Pro 5G,,,
4764825882726702,LrcpSbrl4,5771751131,半妖幽瞳521,#张云雷层层见喜##疫情后一起去音乐节吧#一世浮生一刹那，一程山水一年华。余生并没那么多来日方长，只有时光匆匆。惟愿，好好爱自己，好好爱值得的人。张云雷@小辫儿张云雷,,,小辫儿张云雷,"张云雷 层层见喜,疫情后一起去音乐节吧",0,0,0,2022-05-02 23:47,张云雷超话,"['https://wx2.sinaimg.cn/large/006iBG8bly1h1uhsy2mr1j30u01hc47e.jpg', 'https://wx4.sinaimg.cn/large/006iBG8bly1h1uhsylnquj30u0160n32.jpg', 'https://wx4.sinaimg.cn/large/006iBG8bly1h1uhsyyyn5j318z0u00y1.jpg', 'https://wx2.sinaimg.cn/large/006iBG8bly1h1uhszi70tj30u0190n8d.jpg', 'https://wx1.sinaimg.cn/large/006iBG8bly1h1uht024k8j30u01hcth2.jpg', 'https://wx3.sinaimg.cn/large/006iBG8bly1h1uht0hnl0j30u018kn3n.jpg']",,
4764825865161552,LrcpQlEKQ,5584972201,BlueSkSun,疫情也会过期的LBlueSkSun的微博视频,,北京,,,0,0,2,2022-05-02 23:47,微博视频号,,"http://f.video.weibocdn.com/o0/wT9L0m2dlx07VK4VSrOo01041200t7tg0E010.mp4?label=mp4_720p&template=1280x720.25.0&ori=0&ps=1BVp4ysnknHVZu&Expires=1651619865&ssig=3jd1F2rN%2FS&KID=unistore,video",
4764825840256686,LrcpO14M6,5878394123,蘇鳳梨_Su,#疫情下的辽宁高校#给我狠狠转发起来！！！！这事儿到底还有没有人管了开开心心上学去，平平安安坐大牢？,,,,疫情下的辽宁高校,0,0,15,2022-05-02 23:47,iPhone客户端,,,
4764825820071521,LrcpM0iBz,2260262937,比奇堡洋葱头,读书遇上疫情的这三年，我要学会的唯一一件事可能就是。。如何处理好与自己的关系,,,,,0,0,1,2022-05-02 23:47,iPhone客户端,,,
4764825815877984,LrcpLoF8c,6260515815,二蛋是个姑凉,#是时候去趟桂林了#一天到晚是时候去哪了前两天是去新疆前几阵子是九寨沟。。。我倒是想去，这特么疫情一天天的我哪也去不了,,,,是时候去趟桂林了,0,0,1,2022-05-02 23:47,Redmi K30 Pro 真旗舰,,,
4764825744315017,LrcpEi6x3,6705059836,酒屋玐夏,#广州本次疫情得到有效控制#太好了太好了这周末可以去吃好吃的了,,,,广州本次疫情得到有效控制,0,0,0,2022-05-02 23:47,nova6SE好看拍出来看,,,
4764825743524332,LrcpEeMQ4,1422375147,浅韵淡心,近几年来，四年都不会穿几次运动裤的人，首次四十天穿破一条运动裤…而我并没有机会运动另外也不知道怎么买到一条新的#上海疫情##浅大人的足迹和日常#,,,,"上海疫情,浅大人的足迹和日常",0,0,2,2022-05-02 23:47,iPhone 13,,,
4764825726750206,LrcpCsk2i,7170813312,只返轮_xxvjI6,对我个人来说，底妆产品的妆效和价格好像并不成正比，泪目。而且总是有时候觉得好好用，后来就觉得一般了，可能还是受肤况影响太大了所以还是挺愿意尝试新鲜的底妆产品的【同时开四五瓶粉底液用的我本人只要我没用完就不会过期但是现在买商务买杂志真的好纠结，这b疫情都不知道往哪里寄,,,,,0,1,0,2022-05-02 23:47,iPhone客户端,,,
4764825715213637,LrcpBlSiV,5657341442,念念在这里o,我知道疫情对我的积极意义了,,,,,0,0,0,2022-05-02 23:47,HUAWEI Mate30 Pro 5G,,,
4764825689002361,LrcpyBLVn,2416859873,瑞龙票务大全,#天津新增#5月2日0时至18时，天津市疾控部门报告无新增本土新冠病毒核酸检测阳性感染者。#天津疫情#无新增,,,,"天津新增,天津疫情",0,0,0,2022-05-02 23:47,瑞龙票网Android,['https://wx2.sinaimg.cn/large/900e5ae1ly1h1uhs7tjaaj21400u0q8p.jpg'],,
